{"type": "FeatureCollection", "name": "rail_transit_stations", "features": [{"type": "Feature", "properties": {"cartodb_id": 1, "layer": "MNR_and_LIRR_stations", "path": "/Users/stephanepierre/Downloads/MNR_and_LIRR_stations.geojson"}, "geometry": {"type": "Point", "coordinates": [-73.977056, 40.752999]}}, {"type": "Feature", "properties": {"cartodb_id": 2, "layer": "MNR_and_LIRR_stations", "path": "/Users/stephanepierre/Downloads/MNR_and_LIRR_stations.geojson"}, "geometry": {"type": "Point", "coordinates": [-73.939149, 40.805158]}}, {"type": "Feature", "properties": {"cartodb_id": 3, "layer": "MNR_and_LIRR_stations", "path": "/Users/stephanepierre/Downloads/MNR_and_LIRR_stations.geojson"}, "geometry": {"type": "Point", "coordinates": [-73.919583, 40.854252]}}, {"type": "Feature", "properties": {"cartodb_id": 4, "layer": "MNR_and_LIRR_stations", "path": "/Users/stephanepierre/Downloads/MNR_and_LIRR_stations.geojson"}, "geometry": {"type": "Point", "coordinates": [-73.91312, 40.862248]}}, {"type": "Feature", "properties": {"cartodb_id": 5, "layer": "MNR_and_LIRR_stations", "path": "/Users/stephanepierre/Downloads/MNR_and_LIRR_stations.geojson"}, "geometry": {"type": "Point", "coordinates": [-73.910941, 40.874333]}}, {"type": "Feature", "properties": {"cartodb_id": 6, "layer": "MNR_and_LIRR_stations", "path": "/Users/stephanepierre/Downloads/MNR_and_LIRR_stations.geojson"}, "geometry": {"type": "Point", "coordinates": [-73.921455, 40.878245]}}, {"type": "Feature", "properties": {"cartodb_id": 7, "layer": "MNR_and_LIRR_stations", "path": "/Users/stephanepierre/Downloads/MNR_and_LIRR_stations.geojson"}, "geometry": {"type": "Point", "coordinates": [-73.914126, 40.903981]}}, {"type": "Feature", "properties": {"cartodb_id": 8, "layer": "MNR_and_LIRR_stations", "path": "/Users/stephanepierre/Downloads/MNR_and_LIRR_stations.geojson"}, "geometry": {"type": "Point", "coordinates": [-73.904612, 40.924972]}}, {"type": "Feature", "properties": {"cartodb_id": 9, "layer": "MNR_and_LIRR_stations", "path": "/Users/stephanepierre/Downloads/MNR_and_LIRR_stations.geojson"}, "geometry": {"type": "Point", "coordinates": [-73.902668, 40.935795]}}, {"type": "Feature", "properties": {"cartodb_id": 10, "layer": "MNR_and_LIRR_stations", "path": "/Users/stephanepierre/Downloads/MNR_and_LIRR_stations.geojson"}, "geometry": {"type": "Point", "coordinates": [-73.899062, 40.950496]}}, {"type": "Feature", "properties": {"cartodb_id": 11, "layer": "MNR_and_LIRR_stations", "path": "/Users/stephanepierre/Downloads/MNR_and_LIRR_stations.geojson"}, "geometry": {"type": "Point", "coordinates": [-73.889069, 40.972705]}}, {"type": "Feature", "properties": {"cartodb_id": 12, "layer": "MNR_and_LIRR_stations", "path": "/Users/stephanepierre/Downloads/MNR_and_LIRR_stations.geojson"}, "geometry": {"type": "Point", "coordinates": [-73.884512, 40.994109]}}, {"type": "Feature", "properties": {"cartodb_id": 13, "layer": "MNR_and_LIRR_stations", "path": "/Users/stephanepierre/Downloads/MNR_and_LIRR_stations.geojson"}, "geometry": {"type": "Point", "coordinates": [-73.87949, 41.012459]}}, {"type": "Feature", "properties": {"cartodb_id": 14, "layer": "MNR_and_LIRR_stations", "path": "/Users/stephanepierre/Downloads/MNR_and_LIRR_stations.geojson"}, "geometry": {"type": "Point", "coordinates": [-73.876543, 41.026198]}}, {"type": "Feature", "properties": {"cartodb_id": 15, "layer": "MNR_and_LIRR_stations", "path": "/Users/stephanepierre/Downloads/MNR_and_LIRR_stations.geojson"}, "geometry": {"type": "Point", "coordinates": [-73.873083, 41.039993]}}, {"type": "Feature", "properties": {"cartodb_id": 16, "layer": "MNR_and_LIRR_stations", "path": "/Users/stephanepierre/Downloads/MNR_and_LIRR_stations.geojson"}, "geometry": {"type": "Point", "coordinates": [-73.864563, 41.076473]}}, {"type": "Feature", "properties": {"cartodb_id": 17, "layer": "MNR_and_LIRR_stations", "path": "/Users/stephanepierre/Downloads/MNR_and_LIRR_stations.geojson"}, "geometry": {"type": "Point", "coordinates": [-73.869755, 41.09492]}}, {"type": "Feature", "properties": {"cartodb_id": 18, "layer": "MNR_and_LIRR_stations", "path": "/Users/stephanepierre/Downloads/MNR_and_LIRR_stations.geojson"}, "geometry": {"type": "Point", "coordinates": [-73.866163, 41.135763]}}, {"type": "Feature", "properties": {"cartodb_id": 19, "layer": "MNR_and_LIRR_stations", "path": "/Users/stephanepierre/Downloads/MNR_and_LIRR_stations.geojson"}, "geometry": {"type": "Point", "coordinates": [-73.869281, 41.157663]}}, {"type": "Feature", "properties": {"cartodb_id": 20, "layer": "MNR_and_LIRR_stations", "path": "/Users/stephanepierre/Downloads/MNR_and_LIRR_stations.geojson"}, "geometry": {"type": "Point", "coordinates": [-73.882394, 41.189903]}}, {"type": "Feature", "properties": {"cartodb_id": 21, "layer": "MNR_and_LIRR_stations", "path": "/Users/stephanepierre/Downloads/MNR_and_LIRR_stations.geojson"}, "geometry": {"type": "Point", "coordinates": [-73.921884, 41.24626]}}, {"type": "Feature", "properties": {"cartodb_id": 22, "layer": "MNR_and_LIRR_stations", "path": "/Users/stephanepierre/Downloads/MNR_and_LIRR_stations.geojson"}, "geometry": {"type": "Point", "coordinates": [-73.93042, 41.285963]}}, {"type": "Feature", "properties": {"cartodb_id": 23, "layer": "MNR_and_LIRR_stations", "path": "/Users/stephanepierre/Downloads/MNR_and_LIRR_stations.geojson"}, "geometry": {"type": "Point", "coordinates": [-73.970427, 41.332602]}}, {"type": "Feature", "properties": {"cartodb_id": 24, "layer": "MNR_and_LIRR_stations", "path": "/Users/stephanepierre/Downloads/MNR_and_LIRR_stations.geojson"}, "geometry": {"type": "Point", "coordinates": [-73.947203, 41.381781]}}, {"type": "Feature", "properties": {"cartodb_id": 25, "layer": "MNR_and_LIRR_stations", "path": "/Users/stephanepierre/Downloads/MNR_and_LIRR_stations.geojson"}, "geometry": {"type": "Point", "coordinates": [-73.958091, 41.415284]}}, {"type": "Feature", "properties": {"cartodb_id": 26, "layer": "MNR_and_LIRR_stations", "path": "/Users/stephanepierre/Downloads/MNR_and_LIRR_stations.geojson"}, "geometry": {"type": "Point", "coordinates": [-73.98245, 41.450182]}}, {"type": "Feature", "properties": {"cartodb_id": 27, "layer": "MNR_and_LIRR_stations", "path": "/Users/stephanepierre/Downloads/MNR_and_LIRR_stations.geojson"}, "geometry": {"type": "Point", "coordinates": [-73.984529, 41.504008]}}, {"type": "Feature", "properties": {"cartodb_id": 28, "layer": "MNR_and_LIRR_stations", "path": "/Users/stephanepierre/Downloads/MNR_and_LIRR_stations.geojson"}, "geometry": {"type": "Point", "coordinates": [-73.947226, 41.587448]}}, {"type": "Feature", "properties": {"cartodb_id": 29, "layer": "MNR_and_LIRR_stations", "path": "/Users/stephanepierre/Downloads/MNR_and_LIRR_stations.geojson"}, "geometry": {"type": "Point", "coordinates": [-73.937946, 41.705839]}}, {"type": "Feature", "properties": {"cartodb_id": 30, "layer": "MNR_and_LIRR_stations", "path": "/Users/stephanepierre/Downloads/MNR_and_LIRR_stations.geojson"}, "geometry": {"type": "Point", "coordinates": [-73.915231, 40.825762]}}, {"type": "Feature", "properties": {"cartodb_id": 31, "layer": "MNR_and_LIRR_stations", "path": "/Users/stephanepierre/Downloads/MNR_and_LIRR_stations.geojson"}, "geometry": {"type": "Point", "coordinates": [-73.89955, 40.847301]}}, {"type": "Feature", "properties": {"cartodb_id": 32, "layer": "MNR_and_LIRR_stations", "path": "/Users/stephanepierre/Downloads/MNR_and_LIRR_stations.geojson"}, "geometry": {"type": "Point", "coordinates": [-73.89058, 40.8615]}}, {"type": "Feature", "properties": {"cartodb_id": 33, "layer": "MNR_and_LIRR_stations", "path": "/Users/stephanepierre/Downloads/MNR_and_LIRR_stations.geojson"}, "geometry": {"type": "Point", "coordinates": [-73.883109, 40.866555]}}, {"type": "Feature", "properties": {"cartodb_id": 34, "layer": "MNR_and_LIRR_stations", "path": "/Users/stephanepierre/Downloads/MNR_and_LIRR_stations.geojson"}, "geometry": {"type": "Point", "coordinates": [-73.871064, 40.878569]}}, {"type": "Feature", "properties": {"cartodb_id": 35, "layer": "MNR_and_LIRR_stations", "path": "/Users/stephanepierre/Downloads/MNR_and_LIRR_stations.geojson"}, "geometry": {"type": "Point", "coordinates": [-73.862916, 40.895361]}}, {"type": "Feature", "properties": {"cartodb_id": 36, "layer": "MNR_and_LIRR_stations", "path": "/Users/stephanepierre/Downloads/MNR_and_LIRR_stations.geojson"}, "geometry": {"type": "Point", "coordinates": [-73.85568, 40.905936]}}, {"type": "Feature", "properties": {"cartodb_id": 37, "layer": "MNR_and_LIRR_stations", "path": "/Users/stephanepierre/Downloads/MNR_and_LIRR_stations.geojson"}, "geometry": {"type": "Point", "coordinates": [-73.851129, 40.912142]}}, {"type": "Feature", "properties": {"cartodb_id": 38, "layer": "MNR_and_LIRR_stations", "path": "/Users/stephanepierre/Downloads/MNR_and_LIRR_stations.geojson"}, "geometry": {"type": "Point", "coordinates": [-73.83948, 40.92699]}}, {"type": "Feature", "properties": {"cartodb_id": 39, "layer": "MNR_and_LIRR_stations", "path": "/Users/stephanepierre/Downloads/MNR_and_LIRR_stations.geojson"}, "geometry": {"type": "Point", "coordinates": [-73.835208, 40.93978]}}, {"type": "Feature", "properties": {"cartodb_id": 40, "layer": "MNR_and_LIRR_stations", "path": "/Users/stephanepierre/Downloads/MNR_and_LIRR_stations.geojson"}, "geometry": {"type": "Point", "coordinates": [-73.830166, 40.949393]}}, {"type": "Feature", "properties": {"cartodb_id": 41, "layer": "MNR_and_LIRR_stations", "path": "/Users/stephanepierre/Downloads/MNR_and_LIRR_stations.geojson"}, "geometry": {"type": "Point", "coordinates": [-73.820564, 40.958997]}}, {"type": "Feature", "properties": {"cartodb_id": 42, "layer": "MNR_and_LIRR_stations", "path": "/Users/stephanepierre/Downloads/MNR_and_LIRR_stations.geojson"}, "geometry": {"type": "Point", "coordinates": [-73.808634, 40.989168]}}, {"type": "Feature", "properties": {"cartodb_id": 43, "layer": "MNR_and_LIRR_stations", "path": "/Users/stephanepierre/Downloads/MNR_and_LIRR_stations.geojson"}, "geometry": {"type": "Point", "coordinates": [-73.796407, 41.010333]}}, {"type": "Feature", "properties": {"cartodb_id": 44, "layer": "MNR_and_LIRR_stations", "path": "/Users/stephanepierre/Downloads/MNR_and_LIRR_stations.geojson"}, "geometry": {"type": "Point", "coordinates": [-73.775208, 41.032589]}}, {"type": "Feature", "properties": {"cartodb_id": 45, "layer": "MNR_and_LIRR_stations", "path": "/Users/stephanepierre/Downloads/MNR_and_LIRR_stations.geojson"}, "geometry": {"type": "Point", "coordinates": [-73.773142, 41.049806]}}, {"type": "Feature", "properties": {"cartodb_id": 46, "layer": "MNR_and_LIRR_stations", "path": "/Users/stephanepierre/Downloads/MNR_and_LIRR_stations.geojson"}, "geometry": {"type": "Point", "coordinates": [-73.772599, 41.07282]}}, {"type": "Feature", "properties": {"cartodb_id": 47, "layer": "MNR_and_LIRR_stations", "path": "/Users/stephanepierre/Downloads/MNR_and_LIRR_stations.geojson"}, "geometry": {"type": "Point", "coordinates": [-73.793822, 41.095877]}}, {"type": "Feature", "properties": {"cartodb_id": 48, "layer": "MNR_and_LIRR_stations", "path": "/Users/stephanepierre/Downloads/MNR_and_LIRR_stations.geojson"}, "geometry": {"type": "Point", "coordinates": [-73.79625, 41.108581]}}, {"type": "Feature", "properties": {"cartodb_id": 49, "layer": "MNR_and_LIRR_stations", "path": "/Users/stephanepierre/Downloads/MNR_and_LIRR_stations.geojson"}, "geometry": {"type": "Point", "coordinates": [-73.792661, 41.135223]}}, {"type": "Feature", "properties": {"cartodb_id": 50, "layer": "MNR_and_LIRR_stations", "path": "/Users/stephanepierre/Downloads/MNR_and_LIRR_stations.geojson"}, "geometry": {"type": "Point", "coordinates": [-73.774885, 41.158016]}}, {"type": "Feature", "properties": {"cartodb_id": 51, "layer": "MNR_and_LIRR_stations", "path": "/Users/stephanepierre/Downloads/MNR_and_LIRR_stations.geojson"}, "geometry": {"type": "Point", "coordinates": [-73.729778, 41.208243]}}, {"type": "Feature", "properties": {"cartodb_id": 52, "layer": "MNR_and_LIRR_stations", "path": "/Users/stephanepierre/Downloads/MNR_and_LIRR_stations.geojson"}, "geometry": {"type": "Point", "coordinates": [-73.699936, 41.237317]}}, {"type": "Feature", "properties": {"cartodb_id": 53, "layer": "MNR_and_LIRR_stations", "path": "/Users/stephanepierre/Downloads/MNR_and_LIRR_stations.geojson"}, "geometry": {"type": "Point", "coordinates": [-73.684155, 41.259553]}}, {"type": "Feature", "properties": {"cartodb_id": 54, "layer": "MNR_and_LIRR_stations", "path": "/Users/stephanepierre/Downloads/MNR_and_LIRR_stations.geojson"}, "geometry": {"type": "Point", "coordinates": [-73.677655, 41.294338]}}, {"type": "Feature", "properties": {"cartodb_id": 55, "layer": "MNR_and_LIRR_stations", "path": "/Users/stephanepierre/Downloads/MNR_and_LIRR_stations.geojson"}, "geometry": {"type": "Point", "coordinates": [-73.659061, 41.325775]}}, {"type": "Feature", "properties": {"cartodb_id": 56, "layer": "MNR_and_LIRR_stations", "path": "/Users/stephanepierre/Downloads/MNR_and_LIRR_stations.geojson"}, "geometry": {"type": "Point", "coordinates": [-73.662269, 41.347722]}}, {"type": "Feature", "properties": {"cartodb_id": 57, "layer": "MNR_and_LIRR_stations", "path": "/Users/stephanepierre/Downloads/MNR_and_LIRR_stations.geojson"}, "geometry": {"type": "Point", "coordinates": [-73.619802, 41.39447]}}, {"type": "Feature", "properties": {"cartodb_id": 58, "layer": "MNR_and_LIRR_stations", "path": "/Users/stephanepierre/Downloads/MNR_and_LIRR_stations.geojson"}, "geometry": {"type": "Point", "coordinates": [-73.623787, 41.413203]}}, {"type": "Feature", "properties": {"cartodb_id": 59, "layer": "MNR_and_LIRR_stations", "path": "/Users/stephanepierre/Downloads/MNR_and_LIRR_stations.geojson"}, "geometry": {"type": "Point", "coordinates": [-73.604584, 41.511827]}}, {"type": "Feature", "properties": {"cartodb_id": 60, "layer": "MNR_and_LIRR_stations", "path": "/Users/stephanepierre/Downloads/MNR_and_LIRR_stations.geojson"}, "geometry": {"type": "Point", "coordinates": [-73.600524, 41.564205]}}, {"type": "Feature", "properties": {"cartodb_id": 61, "layer": "MNR_and_LIRR_stations", "path": "/Users/stephanepierre/Downloads/MNR_and_LIRR_stations.geojson"}, "geometry": {"type": "Point", "coordinates": [-73.57871, 41.61081]}}, {"type": "Feature", "properties": {"cartodb_id": 62, "layer": "MNR_and_LIRR_stations", "path": "/Users/stephanepierre/Downloads/MNR_and_LIRR_stations.geojson"}, "geometry": {"type": "Point", "coordinates": [-73.57145, 41.637525]}}, {"type": "Feature", "properties": {"cartodb_id": 63, "layer": "MNR_and_LIRR_stations", "path": "/Users/stephanepierre/Downloads/MNR_and_LIRR_stations.geojson"}, "geometry": {"type": "Point", "coordinates": [-73.576502, 41.740401]}}, {"type": "Feature", "properties": {"cartodb_id": 64, "layer": "MNR_and_LIRR_stations", "path": "/Users/stephanepierre/Downloads/MNR_and_LIRR_stations.geojson"}, "geometry": {"type": "Point", "coordinates": [-73.832185, 40.912161]}}, {"type": "Feature", "properties": {"cartodb_id": 65, "layer": "MNR_and_LIRR_stations", "path": "/Users/stephanepierre/Downloads/MNR_and_LIRR_stations.geojson"}, "geometry": {"type": "Point", "coordinates": [-73.810242, 40.910322]}}, {"type": "Feature", "properties": {"cartodb_id": 66, "layer": "MNR_and_LIRR_stations", "path": "/Users/stephanepierre/Downloads/MNR_and_LIRR_stations.geojson"}, "geometry": {"type": "Point", "coordinates": [-73.783807, 40.911606]}}, {"type": "Feature", "properties": {"cartodb_id": 67, "layer": "MNR_and_LIRR_stations", "path": "/Users/stephanepierre/Downloads/MNR_and_LIRR_stations.geojson"}, "geometry": {"type": "Point", "coordinates": [-73.759792, 40.933395]}}, {"type": "Feature", "properties": {"cartodb_id": 68, "layer": "MNR_and_LIRR_stations", "path": "/Users/stephanepierre/Downloads/MNR_and_LIRR_stations.geojson"}, "geometry": {"type": "Point", "coordinates": [-73.736125, 40.954062]}}, {"type": "Feature", "properties": {"cartodb_id": 69, "layer": "MNR_and_LIRR_stations", "path": "/Users/stephanepierre/Downloads/MNR_and_LIRR_stations.geojson"}, "geometry": {"type": "Point", "coordinates": [-73.712964, 40.969432]}}, {"type": "Feature", "properties": {"cartodb_id": 70, "layer": "MNR_and_LIRR_stations", "path": "/Users/stephanepierre/Downloads/MNR_and_LIRR_stations.geojson"}, "geometry": {"type": "Point", "coordinates": [-73.682553, 40.985922]}}, {"type": "Feature", "properties": {"cartodb_id": 71, "layer": "MNR_and_LIRR_stations", "path": "/Users/stephanepierre/Downloads/MNR_and_LIRR_stations.geojson"}, "geometry": {"type": "Point", "coordinates": [-73.6647, 41.000732]}}, {"type": "Feature", "properties": {"cartodb_id": 72, "layer": "MNR_and_LIRR_stations", "path": "/Users/stephanepierre/Downloads/MNR_and_LIRR_stations.geojson"}, "geometry": {"type": "Point", "coordinates": [-73.624621, 41.021277]}}, {"type": "Feature", "properties": {"cartodb_id": 73, "layer": "MNR_and_LIRR_stations", "path": "/Users/stephanepierre/Downloads/MNR_and_LIRR_stations.geojson"}, "geometry": {"type": "Point", "coordinates": [-73.598306, 41.030171]}}, {"type": "Feature", "properties": {"cartodb_id": 74, "layer": "MNR_and_LIRR_stations", "path": "/Users/stephanepierre/Downloads/MNR_and_LIRR_stations.geojson"}, "geometry": {"type": "Point", "coordinates": [-73.588173, 41.031682]}}, {"type": "Feature", "properties": {"cartodb_id": 75, "layer": "MNR_and_LIRR_stations", "path": "/Users/stephanepierre/Downloads/MNR_and_LIRR_stations.geojson"}, "geometry": {"type": "Point", "coordinates": [-73.565859, 41.033817]}}, {"type": "Feature", "properties": {"cartodb_id": 76, "layer": "MNR_and_LIRR_stations", "path": "/Users/stephanepierre/Downloads/MNR_and_LIRR_stations.geojson"}, "geometry": {"type": "Point", "coordinates": [-73.542846, 41.046611]}}, {"type": "Feature", "properties": {"cartodb_id": 77, "layer": "MNR_and_LIRR_stations", "path": "/Users/stephanepierre/Downloads/MNR_and_LIRR_stations.geojson"}, "geometry": {"type": "Point", "coordinates": [-73.49788, 41.069041]}}, {"type": "Feature", "properties": {"cartodb_id": 78, "layer": "MNR_and_LIRR_stations", "path": "/Users/stephanepierre/Downloads/MNR_and_LIRR_stations.geojson"}, "geometry": {"type": "Point", "coordinates": [-73.472966, 41.076913]}}, {"type": "Feature", "properties": {"cartodb_id": 79, "layer": "MNR_and_LIRR_stations", "path": "/Users/stephanepierre/Downloads/MNR_and_LIRR_stations.geojson"}, "geometry": {"type": "Point", "coordinates": [-73.445527, 41.077456]}}, {"type": "Feature", "properties": {"cartodb_id": 80, "layer": "MNR_and_LIRR_stations", "path": "/Users/stephanepierre/Downloads/MNR_and_LIRR_stations.geojson"}, "geometry": {"type": "Point", "coordinates": [-73.421132, 41.09673]}}, {"type": "Feature", "properties": {"cartodb_id": 81, "layer": "MNR_and_LIRR_stations", "path": "/Users/stephanepierre/Downloads/MNR_and_LIRR_stations.geojson"}, "geometry": {"type": "Point", "coordinates": [-73.404588, 41.103996]}}, {"type": "Feature", "properties": {"cartodb_id": 82, "layer": "MNR_and_LIRR_stations", "path": "/Users/stephanepierre/Downloads/MNR_and_LIRR_stations.geojson"}, "geometry": {"type": "Point", "coordinates": [-73.371413, 41.118928]}}, {"type": "Feature", "properties": {"cartodb_id": 83, "layer": "MNR_and_LIRR_stations", "path": "/Users/stephanepierre/Downloads/MNR_and_LIRR_stations.geojson"}, "geometry": {"type": "Point", "coordinates": [-73.315408, 41.122265]}}, {"type": "Feature", "properties": {"cartodb_id": 84, "layer": "MNR_and_LIRR_stations", "path": "/Users/stephanepierre/Downloads/MNR_and_LIRR_stations.geojson"}, "geometry": {"type": "Point", "coordinates": [-73.28897, 41.134844]}}, {"type": "Feature", "properties": {"cartodb_id": 85, "layer": "MNR_and_LIRR_stations", "path": "/Users/stephanepierre/Downloads/MNR_and_LIRR_stations.geojson"}, "geometry": {"type": "Point", "coordinates": [-73.257742, 41.143076]}}, {"type": "Feature", "properties": {"cartodb_id": 86, "layer": "MNR_and_LIRR_stations", "path": "/Users/stephanepierre/Downloads/MNR_and_LIRR_stations.geojson"}, "geometry": {"type": "Point", "coordinates": [-73.187076, 41.178676]}}, {"type": "Feature", "properties": {"cartodb_id": 87, "layer": "MNR_and_LIRR_stations", "path": "/Users/stephanepierre/Downloads/MNR_and_LIRR_stations.geojson"}, "geometry": {"type": "Point", "coordinates": [-73.131533, 41.194255]}}, {"type": "Feature", "properties": {"cartodb_id": 88, "layer": "MNR_and_LIRR_stations", "path": "/Users/stephanepierre/Downloads/MNR_and_LIRR_stations.geojson"}, "geometry": {"type": "Point", "coordinates": [-73.057648, 41.223231]}}, {"type": "Feature", "properties": {"cartodb_id": 89, "layer": "MNR_and_LIRR_stations", "path": "/Users/stephanepierre/Downloads/MNR_and_LIRR_stations.geojson"}, "geometry": {"type": "Point", "coordinates": [-72.928291, 41.296501]}}, {"type": "Feature", "properties": {"cartodb_id": 90, "layer": "MNR_and_LIRR_stations", "path": "/Users/stephanepierre/Downloads/MNR_and_LIRR_stations.geojson"}, "geometry": {"type": "Point", "coordinates": [-72.921748, 41.304979]}}, {"type": "Feature", "properties": {"cartodb_id": 91, "layer": "MNR_and_LIRR_stations", "path": "/Users/stephanepierre/Downloads/MNR_and_LIRR_stations.geojson"}, "geometry": {"type": "Point", "coordinates": [-73.520021, 41.070547]}}, {"type": "Feature", "properties": {"cartodb_id": 92, "layer": "MNR_and_LIRR_stations", "path": "/Users/stephanepierre/Downloads/MNR_and_LIRR_stations.geojson"}, "geometry": {"type": "Point", "coordinates": [-73.517828, 41.08876]}}, {"type": "Feature", "properties": {"cartodb_id": 93, "layer": "MNR_and_LIRR_stations", "path": "/Users/stephanepierre/Downloads/MNR_and_LIRR_stations.geojson"}, "geometry": {"type": "Point", "coordinates": [-73.498149, 41.116012]}}, {"type": "Feature", "properties": {"cartodb_id": 94, "layer": "MNR_and_LIRR_stations", "path": "/Users/stephanepierre/Downloads/MNR_and_LIRR_stations.geojson"}, "geometry": {"type": "Point", "coordinates": [-73.495626, 41.146305]}}, {"type": "Feature", "properties": {"cartodb_id": 95, "layer": "MNR_and_LIRR_stations", "path": "/Users/stephanepierre/Downloads/MNR_and_LIRR_stations.geojson"}, "geometry": {"type": "Point", "coordinates": [-73.427859, 41.146618]}}, {"type": "Feature", "properties": {"cartodb_id": 96, "layer": "MNR_and_LIRR_stations", "path": "/Users/stephanepierre/Downloads/MNR_and_LIRR_stations.geojson"}, "geometry": {"type": "Point", "coordinates": [-73.432434, 41.196202]}}, {"type": "Feature", "properties": {"cartodb_id": 97, "layer": "MNR_and_LIRR_stations", "path": "/Users/stephanepierre/Downloads/MNR_and_LIRR_stations.geojson"}, "geometry": {"type": "Point", "coordinates": [-73.426703, 41.21662]}}, {"type": "Feature", "properties": {"cartodb_id": 98, "layer": "MNR_and_LIRR_stations", "path": "/Users/stephanepierre/Downloads/MNR_and_LIRR_stations.geojson"}, "geometry": {"type": "Point", "coordinates": [-73.441421, 41.26763]}}, {"type": "Feature", "properties": {"cartodb_id": 99, "layer": "MNR_and_LIRR_stations", "path": "/Users/stephanepierre/Downloads/MNR_and_LIRR_stations.geojson"}, "geometry": {"type": "Point", "coordinates": [-73.4338, 41.325684]}}, {"type": "Feature", "properties": {"cartodb_id": 100, "layer": "MNR_and_LIRR_stations", "path": "/Users/stephanepierre/Downloads/MNR_and_LIRR_stations.geojson"}, "geometry": {"type": "Point", "coordinates": [-73.418171, 41.376225]}}, {"type": "Feature", "properties": {"cartodb_id": 101, "layer": "MNR_and_LIRR_stations", "path": "/Users/stephanepierre/Downloads/MNR_and_LIRR_stations.geojson"}, "geometry": {"type": "Point", "coordinates": [-73.450163, 41.396363]}}, {"type": "Feature", "properties": {"cartodb_id": 102, "layer": "MNR_and_LIRR_stations", "path": "/Users/stephanepierre/Downloads/MNR_and_LIRR_stations.geojson"}, "geometry": {"type": "Point", "coordinates": [-73.083549, 41.319718]}}, {"type": "Feature", "properties": {"cartodb_id": 103, "layer": "MNR_and_LIRR_stations", "path": "/Users/stephanepierre/Downloads/MNR_and_LIRR_stations.geojson"}, "geometry": {"type": "Point", "coordinates": [-73.079893, 41.344156]}}, {"type": "Feature", "properties": {"cartodb_id": 104, "layer": "MNR_and_LIRR_stations", "path": "/Users/stephanepierre/Downloads/MNR_and_LIRR_stations.geojson"}, "geometry": {"type": "Point", "coordinates": [-73.0725, 41.395139]}}, {"type": "Feature", "properties": {"cartodb_id": 105, "layer": "MNR_and_LIRR_stations", "path": "/Users/stephanepierre/Downloads/MNR_and_LIRR_stations.geojson"}, "geometry": {"type": "Point", "coordinates": [-73.063591, 41.441752]}}, {"type": "Feature", "properties": {"cartodb_id": 106, "layer": "MNR_and_LIRR_stations", "path": "/Users/stephanepierre/Downloads/MNR_and_LIRR_stations.geojson"}, "geometry": {"type": "Point", "coordinates": [-73.052656, 41.494204]}}, {"type": "Feature", "properties": {"cartodb_id": 107, "layer": "MNR_and_LIRR_stations", "path": "/Users/stephanepierre/Downloads/MNR_and_LIRR_stations.geojson"}, "geometry": {"type": "Point", "coordinates": [-73.046127, 41.552728]}}, {"type": "Feature", "properties": {"cartodb_id": 108, "layer": "MNR_and_LIRR_stations", "path": "/Users/stephanepierre/Downloads/MNR_and_LIRR_stations.geojson"}, "geometry": {"type": "Point", "coordinates": [-73.558204, 41.779938]}}, {"type": "Feature", "properties": {"cartodb_id": 109, "layer": "MNR_and_LIRR_stations", "path": "/Users/stephanepierre/Downloads/MNR_and_LIRR_stations.geojson"}, "geometry": {"type": "Point", "coordinates": [-73.562197, 41.814722]}}, {"type": "Feature", "properties": {"cartodb_id": 110, "layer": "MNR_and_LIRR_stations", "path": "/Users/stephanepierre/Downloads/MNR_and_LIRR_stations.geojson"}, "geometry": {"type": "Point", "coordinates": [-73.234336, 41.160999]}}, {"type": "Feature", "properties": {"cartodb_id": 111, "layer": "MNR_and_LIRR_stations", "path": "/Users/stephanepierre/Downloads/MNR_and_LIRR_stations.geojson"}, "geometry": {"type": "Point", "coordinates": [-72.96349, 41.27142]}}, {"type": "Feature", "properties": {"cartodb_id": 112, "layer": "MNR_and_LIRR_stations", "path": "/Users/stephanepierre/Downloads/MNR_and_LIRR_stations.geojson"}, "geometry": {"type": "Point", "coordinates": [-73.9299, 40.8253]}}, {"type": "Feature", "properties": {"cartodb_id": 1, "layer": "MNR_and_LIRR_stations", "path": "/Users/stephanepierre/Downloads/MNR_and_LIRR_stations.geojson"}, "geometry": {"type": "Point", "coordinates": [-73.95639, 40.741281]}}, {"type": "Feature", "properties": {"cartodb_id": 2, "layer": "MNR_and_LIRR_stations", "path": "/Users/stephanepierre/Downloads/MNR_and_LIRR_stations.geojson"}, "geometry": {"type": "Point", "coordinates": [-73.94679, 40.742381]}}, {"type": "Feature", "properties": {"cartodb_id": 3, "layer": "MNR_and_LIRR_stations", "path": "/Users/stephanepierre/Downloads/MNR_and_LIRR_stations.geojson"}, "geometry": {"type": "Point", "coordinates": [-73.99358, 40.750581]}}, {"type": "Feature", "properties": {"cartodb_id": 4, "layer": "MNR_and_LIRR_stations", "path": "/Users/stephanepierre/Downloads/MNR_and_LIRR_stations.geojson"}, "geometry": {"type": "Point", "coordinates": [-73.90297, 40.745841]}}, {"type": "Feature", "properties": {"cartodb_id": 5, "layer": "MNR_and_LIRR_stations", "path": "/Users/stephanepierre/Downloads/MNR_and_LIRR_stations.geojson"}, "geometry": {"type": "Point", "coordinates": [-73.84481, 40.719571]}}, {"type": "Feature", "properties": {"cartodb_id": 6, "layer": "MNR_and_LIRR_stations", "path": "/Users/stephanepierre/Downloads/MNR_and_LIRR_stations.geojson"}, "geometry": {"type": "Point", "coordinates": [-73.83089, 40.709641]}}, {"type": "Feature", "properties": {"cartodb_id": 7, "layer": "MNR_and_LIRR_stations", "path": "/Users/stephanepierre/Downloads/MNR_and_LIRR_stations.geojson"}, "geometry": {"type": "Point", "coordinates": [-73.97768, 40.684901]}}, {"type": "Feature", "properties": {"cartodb_id": 8, "layer": "MNR_and_LIRR_stations", "path": "/Users/stephanepierre/Downloads/MNR_and_LIRR_stations.geojson"}, "geometry": {"type": "Point", "coordinates": [-73.94822, 40.67838]}}, {"type": "Feature", "properties": {"cartodb_id": 9, "layer": "MNR_and_LIRR_stations", "path": "/Users/stephanepierre/Downloads/MNR_and_LIRR_stations.geojson"}, "geometry": {"type": "Point", "coordinates": [-73.90281, 40.675801]}}, {"type": "Feature", "properties": {"cartodb_id": 10, "layer": "MNR_and_LIRR_stations", "path": "/Users/stephanepierre/Downloads/MNR_and_LIRR_stations.geojson"}, "geometry": {"type": "Point", "coordinates": [-73.80853, 40.699601]}}, {"type": "Feature", "properties": {"cartodb_id": 11, "layer": "MNR_and_LIRR_stations", "path": "/Users/stephanepierre/Downloads/MNR_and_LIRR_stations.geojson"}, "geometry": {"type": "Point", "coordinates": [-73.8437, 40.752391]}}, {"type": "Feature", "properties": {"cartodb_id": 12, "layer": "MNR_and_LIRR_stations", "path": "/Users/stephanepierre/Downloads/MNR_and_LIRR_stations.geojson"}, "geometry": {"type": "Point", "coordinates": [-73.83135, 40.757891]}}, {"type": "Feature", "properties": {"cartodb_id": 13, "layer": "MNR_and_LIRR_stations", "path": "/Users/stephanepierre/Downloads/MNR_and_LIRR_stations.geojson"}, "geometry": {"type": "Point", "coordinates": [-73.81454, 40.762701]}}, {"type": "Feature", "properties": {"cartodb_id": 14, "layer": "MNR_and_LIRR_stations", "path": "/Users/stephanepierre/Downloads/MNR_and_LIRR_stations.geojson"}, "geometry": {"type": "Point", "coordinates": [-73.80176, 40.761641]}}, {"type": "Feature", "properties": {"cartodb_id": 15, "layer": "MNR_and_LIRR_stations", "path": "/Users/stephanepierre/Downloads/MNR_and_LIRR_stations.geojson"}, "geometry": {"type": "Point", "coordinates": [-73.78996, 40.761431]}}, {"type": "Feature", "properties": {"cartodb_id": 16, "layer": "MNR_and_LIRR_stations", "path": "/Users/stephanepierre/Downloads/MNR_and_LIRR_stations.geojson"}, "geometry": {"type": "Point", "coordinates": [-73.77125, 40.763141]}}, {"type": "Feature", "properties": {"cartodb_id": 17, "layer": "MNR_and_LIRR_stations", "path": "/Users/stephanepierre/Downloads/MNR_and_LIRR_stations.geojson"}, "geometry": {"type": "Point", "coordinates": [-73.74941, 40.768061]}}, {"type": "Feature", "properties": {"cartodb_id": 18, "layer": "MNR_and_LIRR_stations", "path": "/Users/stephanepierre/Downloads/MNR_and_LIRR_stations.geojson"}, "geometry": {"type": "Point", "coordinates": [-73.74065, 40.775041]}}, {"type": "Feature", "properties": {"cartodb_id": 19, "layer": "MNR_and_LIRR_stations", "path": "/Users/stephanepierre/Downloads/MNR_and_LIRR_stations.geojson"}, "geometry": {"type": "Point", "coordinates": [-73.7261, 40.787211]}}, {"type": "Feature", "properties": {"cartodb_id": 20, "layer": "MNR_and_LIRR_stations", "path": "/Users/stephanepierre/Downloads/MNR_and_LIRR_stations.geojson"}, "geometry": {"type": "Point", "coordinates": [-73.6999, 40.796721]}}, {"type": "Feature", "properties": {"cartodb_id": 21, "layer": "MNR_and_LIRR_stations", "path": "/Users/stephanepierre/Downloads/MNR_and_LIRR_stations.geojson"}, "geometry": {"type": "Point", "coordinates": [-73.69521, 40.810691]}}, {"type": "Feature", "properties": {"cartodb_id": 22, "layer": "MNR_and_LIRR_stations", "path": "/Users/stephanepierre/Downloads/MNR_and_LIRR_stations.geojson"}, "geometry": {"type": "Point", "coordinates": [-73.6874, 40.829031]}}, {"type": "Feature", "properties": {"cartodb_id": 23, "layer": "MNR_and_LIRR_stations", "path": "/Users/stephanepierre/Downloads/MNR_and_LIRR_stations.geojson"}, "geometry": {"type": "Point", "coordinates": [-73.76675, 40.710171]}}, {"type": "Feature", "properties": {"cartodb_id": 24, "layer": "MNR_and_LIRR_stations", "path": "/Users/stephanepierre/Downloads/MNR_and_LIRR_stations.geojson"}, "geometry": {"type": "Point", "coordinates": [-73.73646, 40.717451]}}, {"type": "Feature", "properties": {"cartodb_id": 25, "layer": "MNR_and_LIRR_stations", "path": "/Users/stephanepierre/Downloads/MNR_and_LIRR_stations.geojson"}, "geometry": {"type": "Point", "coordinates": [-73.72862, 40.715491]}}, {"type": "Feature", "properties": {"cartodb_id": 26, "layer": "MNR_and_LIRR_stations", "path": "/Users/stephanepierre/Downloads/MNR_and_LIRR_stations.geojson"}, "geometry": {"type": "Point", "coordinates": [-73.71665, 40.722201]}}, {"type": "Feature", "properties": {"cartodb_id": 27, "layer": "MNR_and_LIRR_stations", "path": "/Users/stephanepierre/Downloads/MNR_and_LIRR_stations.geojson"}, "geometry": {"type": "Point", "coordinates": [-73.7064, 40.724631]}}, {"type": "Feature", "properties": {"cartodb_id": 28, "layer": "MNR_and_LIRR_stations", "path": "/Users/stephanepierre/Downloads/MNR_and_LIRR_stations.geojson"}, "geometry": {"type": "Point", "coordinates": [-73.68102, 40.723021]}}, {"type": "Feature", "properties": {"cartodb_id": 29, "layer": "MNR_and_LIRR_stations", "path": "/Users/stephanepierre/Downloads/MNR_and_LIRR_stations.geojson"}, "geometry": {"type": "Point", "coordinates": [-73.6627, 40.722951]}}, {"type": "Feature", "properties": {"cartodb_id": 30, "layer": "MNR_and_LIRR_stations", "path": "/Users/stephanepierre/Downloads/MNR_and_LIRR_stations.geojson"}, "geometry": {"type": "Point", "coordinates": [-73.64036, 40.723091]}}, {"type": "Feature", "properties": {"cartodb_id": 31, "layer": "MNR_and_LIRR_stations", "path": "/Users/stephanepierre/Downloads/MNR_and_LIRR_stations.geojson"}, "geometry": {"type": "Point", "coordinates": [-73.62967, 40.721451]}}, {"type": "Feature", "properties": {"cartodb_id": 32, "layer": "MNR_and_LIRR_stations", "path": "/Users/stephanepierre/Downloads/MNR_and_LIRR_stations.geojson"}, "geometry": {"type": "Point", "coordinates": [-73.62503, 40.713291]}}, {"type": "Feature", "properties": {"cartodb_id": 33, "layer": "MNR_and_LIRR_stations", "path": "/Users/stephanepierre/Downloads/MNR_and_LIRR_stations.geojson"}, "geometry": {"type": "Point", "coordinates": [-73.68096, 40.730751]}}, {"type": "Feature", "properties": {"cartodb_id": 34, "layer": "MNR_and_LIRR_stations", "path": "/Users/stephanepierre/Downloads/MNR_and_LIRR_stations.geojson"}, "geometry": {"type": "Point", "coordinates": [-73.66252, 40.735161]}}, {"type": "Feature", "properties": {"cartodb_id": 35, "layer": "MNR_and_LIRR_stations", "path": "/Users/stephanepierre/Downloads/MNR_and_LIRR_stations.geojson"}, "geometry": {"type": "Point", "coordinates": [-73.64086, 40.740341]}}, {"type": "Feature", "properties": {"cartodb_id": 36, "layer": "MNR_and_LIRR_stations", "path": "/Users/stephanepierre/Downloads/MNR_and_LIRR_stations.geojson"}, "geometry": {"type": "Point", "coordinates": [-73.63941, 40.756011]}}, {"type": "Feature", "properties": {"cartodb_id": 37, "layer": "MNR_and_LIRR_stations", "path": "/Users/stephanepierre/Downloads/MNR_and_LIRR_stations.geojson"}, "geometry": {"type": "Point", "coordinates": [-73.64169, 40.772051]}}, {"type": "Feature", "properties": {"cartodb_id": 38, "layer": "MNR_and_LIRR_stations", "path": "/Users/stephanepierre/Downloads/MNR_and_LIRR_stations.geojson"}, "geometry": {"type": "Point", "coordinates": [-73.64326, 40.790471]}}, {"type": "Feature", "properties": {"cartodb_id": 39, "layer": "MNR_and_LIRR_stations", "path": "/Users/stephanepierre/Downloads/MNR_and_LIRR_stations.geojson"}, "geometry": {"type": "Point", "coordinates": [-73.62687, 40.815711]}}, {"type": "Feature", "properties": {"cartodb_id": 40, "layer": "MNR_and_LIRR_stations", "path": "/Users/stephanepierre/Downloads/MNR_and_LIRR_stations.geojson"}, "geometry": {"type": "Point", "coordinates": [-73.62612, 40.832221]}}, {"type": "Feature", "properties": {"cartodb_id": 41, "layer": "MNR_and_LIRR_stations", "path": "/Users/stephanepierre/Downloads/MNR_and_LIRR_stations.geojson"}, "geometry": {"type": "Point", "coordinates": [-73.62542, 40.852361]}}, {"type": "Feature", "properties": {"cartodb_id": 42, "layer": "MNR_and_LIRR_stations", "path": "/Users/stephanepierre/Downloads/MNR_and_LIRR_stations.geojson"}, "geometry": {"type": "Point", "coordinates": [-73.62122, 40.857971]}}, {"type": "Feature", "properties": {"cartodb_id": 43, "layer": "MNR_and_LIRR_stations", "path": "/Users/stephanepierre/Downloads/MNR_and_LIRR_stations.geojson"}, "geometry": {"type": "Point", "coordinates": [-73.61616, 40.865831]}}, {"type": "Feature", "properties": {"cartodb_id": 44, "layer": "MNR_and_LIRR_stations", "path": "/Users/stephanepierre/Downloads/MNR_and_LIRR_stations.geojson"}, "geometry": {"type": "Point", "coordinates": [-73.5983, 40.87446]}}, {"type": "Feature", "properties": {"cartodb_id": 45, "layer": "MNR_and_LIRR_stations", "path": "/Users/stephanepierre/Downloads/MNR_and_LIRR_stations.geojson"}, "geometry": {"type": "Point", "coordinates": [-73.53403, 40.87533]}}, {"type": "Feature", "properties": {"cartodb_id": 46, "layer": "MNR_and_LIRR_stations", "path": "/Users/stephanepierre/Downloads/MNR_and_LIRR_stations.geojson"}, "geometry": {"type": "Point", "coordinates": [-73.60365, 40.749201]}}, {"type": "Feature", "properties": {"cartodb_id": 47, "layer": "MNR_and_LIRR_stations", "path": "/Users/stephanepierre/Downloads/MNR_and_LIRR_stations.geojson"}, "geometry": {"type": "Point", "coordinates": [-73.58586, 40.753451]}}, {"type": "Feature", "properties": {"cartodb_id": 48, "layer": "MNR_and_LIRR_stations", "path": "/Users/stephanepierre/Downloads/MNR_and_LIRR_stations.geojson"}, "geometry": {"type": "Point", "coordinates": [-73.52853, 40.767171]}}, {"type": "Feature", "properties": {"cartodb_id": 49, "layer": "MNR_and_LIRR_stations", "path": "/Users/stephanepierre/Downloads/MNR_and_LIRR_stations.geojson"}, "geometry": {"type": "Point", "coordinates": [-73.50044, 40.824851]}}, {"type": "Feature", "properties": {"cartodb_id": 50, "layer": "MNR_and_LIRR_stations", "path": "/Users/stephanepierre/Downloads/MNR_and_LIRR_stations.geojson"}, "geometry": {"type": "Point", "coordinates": [-73.45108, 40.835631]}}, {"type": "Feature", "properties": {"cartodb_id": 51, "layer": "MNR_and_LIRR_stations", "path": "/Users/stephanepierre/Downloads/MNR_and_LIRR_stations.geojson"}, "geometry": {"type": "Point", "coordinates": [-73.40952, 40.853001]}}, {"type": "Feature", "properties": {"cartodb_id": 52, "layer": "MNR_and_LIRR_stations", "path": "/Users/stephanepierre/Downloads/MNR_and_LIRR_stations.geojson"}, "geometry": {"type": "Point", "coordinates": [-73.36285, 40.868661]}}, {"type": "Feature", "properties": {"cartodb_id": 53, "layer": "MNR_and_LIRR_stations", "path": "/Users/stephanepierre/Downloads/MNR_and_LIRR_stations.geojson"}, "geometry": {"type": "Point", "coordinates": [-73.32848, 40.880641]}}, {"type": "Feature", "properties": {"cartodb_id": 54, "layer": "MNR_and_LIRR_stations", "path": "/Users/stephanepierre/Downloads/MNR_and_LIRR_stations.geojson"}, "geometry": {"type": "Point", "coordinates": [-73.25625, 40.883661]}}, {"type": "Feature", "properties": {"cartodb_id": 55, "layer": "MNR_and_LIRR_stations", "path": "/Users/stephanepierre/Downloads/MNR_and_LIRR_stations.geojson"}, "geometry": {"type": "Point", "coordinates": [-73.19803, 40.856541]}}, {"type": "Feature", "properties": {"cartodb_id": 56, "layer": "MNR_and_LIRR_stations", "path": "/Users/stephanepierre/Downloads/MNR_and_LIRR_stations.geojson"}, "geometry": {"type": "Point", "coordinates": [-73.15951, 40.882161]}}, {"type": "Feature", "properties": {"cartodb_id": 57, "layer": "MNR_and_LIRR_stations", "path": "/Users/stephanepierre/Downloads/MNR_and_LIRR_stations.geojson"}, "geometry": {"type": "Point", "coordinates": [-73.12855, 40.920311]}}, {"type": "Feature", "properties": {"cartodb_id": 58, "layer": "MNR_and_LIRR_stations", "path": "/Users/stephanepierre/Downloads/MNR_and_LIRR_stations.geojson"}, "geometry": {"type": "Point", "coordinates": [-73.052501, 40.934541]}}, {"type": "Feature", "properties": {"cartodb_id": 59, "layer": "MNR_and_LIRR_stations", "path": "/Users/stephanepierre/Downloads/MNR_and_LIRR_stations.geojson"}, "geometry": {"type": "Point", "coordinates": [-73.48344, 40.743031]}}, {"type": "Feature", "properties": {"cartodb_id": 60, "layer": "MNR_and_LIRR_stations", "path": "/Users/stephanepierre/Downloads/MNR_and_LIRR_stations.geojson"}, "geometry": {"type": "Point", "coordinates": [-73.44124, 40.735911]}}, {"type": "Feature", "properties": {"cartodb_id": 61, "layer": "MNR_and_LIRR_stations", "path": "/Users/stephanepierre/Downloads/MNR_and_LIRR_stations.geojson"}, "geometry": {"type": "Point", "coordinates": [-73.3996, 40.745351]}}, {"type": "Feature", "properties": {"cartodb_id": 62, "layer": "MNR_and_LIRR_stations", "path": "/Users/stephanepierre/Downloads/MNR_and_LIRR_stations.geojson"}, "geometry": {"type": "Point", "coordinates": [-73.35806, 40.754791]}}, {"type": "Feature", "properties": {"cartodb_id": 63, "layer": "MNR_and_LIRR_stations", "path": "/Users/stephanepierre/Downloads/MNR_and_LIRR_stations.geojson"}, "geometry": {"type": "Point", "coordinates": [-73.29356, 40.769481]}}, {"type": "Feature", "properties": {"cartodb_id": 64, "layer": "MNR_and_LIRR_stations", "path": "/Users/stephanepierre/Downloads/MNR_and_LIRR_stations.geojson"}, "geometry": {"type": "Point", "coordinates": [-73.24361, 40.780831]}}, {"type": "Feature", "properties": {"cartodb_id": 65, "layer": "MNR_and_LIRR_stations", "path": "/Users/stephanepierre/Downloads/MNR_and_LIRR_stations.geojson"}, "geometry": {"type": "Point", "coordinates": [-73.19486, 40.791841]}}, {"type": "Feature", "properties": {"cartodb_id": 66, "layer": "MNR_and_LIRR_stations", "path": "/Users/stephanepierre/Downloads/MNR_and_LIRR_stations.geojson"}, "geometry": {"type": "Point", "coordinates": [-73.10594, 40.808081]}}, {"type": "Feature", "properties": {"cartodb_id": 67, "layer": "MNR_and_LIRR_stations", "path": "/Users/stephanepierre/Downloads/MNR_and_LIRR_stations.geojson"}, "geometry": {"type": "Point", "coordinates": [-72.998911, 40.817391]}}, {"type": "Feature", "properties": {"cartodb_id": 68, "layer": "MNR_and_LIRR_stations", "path": "/Users/stephanepierre/Downloads/MNR_and_LIRR_stations.geojson"}, "geometry": {"type": "Point", "coordinates": [-72.915881, 40.825601]}}, {"type": "Feature", "properties": {"cartodb_id": 69, "layer": "MNR_and_LIRR_stations", "path": "/Users/stephanepierre/Downloads/MNR_and_LIRR_stations.geojson"}, "geometry": {"type": "Point", "coordinates": [-72.666911, 40.919831]}}, {"type": "Feature", "properties": {"cartodb_id": 70, "layer": "MNR_and_LIRR_stations", "path": "/Users/stephanepierre/Downloads/MNR_and_LIRR_stations.geojson"}, "geometry": {"type": "Point", "coordinates": [-72.536061, 40.991791]}}, {"type": "Feature", "properties": {"cartodb_id": 71, "layer": "MNR_and_LIRR_stations", "path": "/Users/stephanepierre/Downloads/MNR_and_LIRR_stations.geojson"}, "geometry": {"type": "Point", "coordinates": [-72.428101, 41.0662]}}, {"type": "Feature", "properties": {"cartodb_id": 72, "layer": "MNR_and_LIRR_stations", "path": "/Users/stephanepierre/Downloads/MNR_and_LIRR_stations.geojson"}, "geometry": {"type": "Point", "coordinates": [-72.363101, 41.0997]}}, {"type": "Feature", "properties": {"cartodb_id": 73, "layer": "MNR_and_LIRR_stations", "path": "/Users/stephanepierre/Downloads/MNR_and_LIRR_stations.geojson"}, "geometry": {"type": "Point", "coordinates": [-73.76551, 40.691181]}}, {"type": "Feature", "properties": {"cartodb_id": 74, "layer": "MNR_and_LIRR_stations", "path": "/Users/stephanepierre/Downloads/MNR_and_LIRR_stations.geojson"}, "geometry": {"type": "Point", "coordinates": [-73.76504, 40.675131]}}, {"type": "Feature", "properties": {"cartodb_id": 75, "layer": "MNR_and_LIRR_stations", "path": "/Users/stephanepierre/Downloads/MNR_and_LIRR_stations.geojson"}, "geometry": {"type": "Point", "coordinates": [-73.75175, 40.668471]}}, {"type": "Feature", "properties": {"cartodb_id": 76, "layer": "MNR_and_LIRR_stations", "path": "/Users/stephanepierre/Downloads/MNR_and_LIRR_stations.geojson"}, "geometry": {"type": "Point", "coordinates": [-73.73555, 40.665941]}}, {"type": "Feature", "properties": {"cartodb_id": 77, "layer": "MNR_and_LIRR_stations", "path": "/Users/stephanepierre/Downloads/MNR_and_LIRR_stations.geojson"}, "geometry": {"type": "Point", "coordinates": [-73.70476, 40.661511]}}, {"type": "Feature", "properties": {"cartodb_id": 78, "layer": "MNR_and_LIRR_stations", "path": "/Users/stephanepierre/Downloads/MNR_and_LIRR_stations.geojson"}, "geometry": {"type": "Point", "coordinates": [-73.68121, 40.668361]}}, {"type": "Feature", "properties": {"cartodb_id": 79, "layer": "MNR_and_LIRR_stations", "path": "/Users/stephanepierre/Downloads/MNR_and_LIRR_stations.geojson"}, "geometry": {"type": "Point", "coordinates": [-73.66886, 40.675471]}}, {"type": "Feature", "properties": {"cartodb_id": 80, "layer": "MNR_and_LIRR_stations", "path": "/Users/stephanepierre/Downloads/MNR_and_LIRR_stations.geojson"}, "geometry": {"type": "Point", "coordinates": [-73.65214, 40.685851]}}, {"type": "Feature", "properties": {"cartodb_id": 81, "layer": "MNR_and_LIRR_stations", "path": "/Users/stephanepierre/Downloads/MNR_and_LIRR_stations.geojson"}, "geometry": {"type": "Point", "coordinates": [-73.64621, 40.694911]}}, {"type": "Feature", "properties": {"cartodb_id": 82, "layer": "MNR_and_LIRR_stations", "path": "/Users/stephanepierre/Downloads/MNR_and_LIRR_stations.geojson"}, "geometry": {"type": "Point", "coordinates": [-73.64164, 40.701951]}}, {"type": "Feature", "properties": {"cartodb_id": 83, "layer": "MNR_and_LIRR_stations", "path": "/Users/stephanepierre/Downloads/MNR_and_LIRR_stations.geojson"}, "geometry": {"type": "Point", "coordinates": [-73.70183, 40.649241]}}, {"type": "Feature", "properties": {"cartodb_id": 84, "layer": "MNR_and_LIRR_stations", "path": "/Users/stephanepierre/Downloads/MNR_and_LIRR_stations.geojson"}, "geometry": {"type": "Point", "coordinates": [-73.70514, 40.636761]}}, {"type": "Feature", "properties": {"cartodb_id": 85, "layer": "MNR_and_LIRR_stations", "path": "/Users/stephanepierre/Downloads/MNR_and_LIRR_stations.geojson"}, "geometry": {"type": "Point", "coordinates": [-73.71371, 40.631331]}}, {"type": "Feature", "properties": {"cartodb_id": 86, "layer": "MNR_and_LIRR_stations", "path": "/Users/stephanepierre/Downloads/MNR_and_LIRR_stations.geojson"}, "geometry": {"type": "Point", "coordinates": [-73.72618, 40.622171]}}, {"type": "Feature", "properties": {"cartodb_id": 87, "layer": "MNR_and_LIRR_stations", "path": "/Users/stephanepierre/Downloads/MNR_and_LIRR_stations.geojson"}, "geometry": {"type": "Point", "coordinates": [-73.7359, 40.615731]}}, {"type": "Feature", "properties": {"cartodb_id": 88, "layer": "MNR_and_LIRR_stations", "path": "/Users/stephanepierre/Downloads/MNR_and_LIRR_stations.geojson"}, "geometry": {"type": "Point", "coordinates": [-73.74418, 40.612281]}}, {"type": "Feature", "properties": {"cartodb_id": 89, "layer": "MNR_and_LIRR_stations", "path": "/Users/stephanepierre/Downloads/MNR_and_LIRR_stations.geojson"}, "geometry": {"type": "Point", "coordinates": [-73.75054, 40.609131]}}, {"type": "Feature", "properties": {"cartodb_id": 90, "layer": "MNR_and_LIRR_stations", "path": "/Users/stephanepierre/Downloads/MNR_and_LIRR_stations.geojson"}, "geometry": {"type": "Point", "coordinates": [-73.67607, 40.656051]}}, {"type": "Feature", "properties": {"cartodb_id": 91, "layer": "MNR_and_LIRR_stations", "path": "/Users/stephanepierre/Downloads/MNR_and_LIRR_stations.geojson"}, "geometry": {"type": "Point", "coordinates": [-73.66397, 40.648311]}}, {"type": "Feature", "properties": {"cartodb_id": 92, "layer": "MNR_and_LIRR_stations", "path": "/Users/stephanepierre/Downloads/MNR_and_LIRR_stations.geojson"}, "geometry": {"type": "Point", "coordinates": [-73.65821, 40.642201]}}, {"type": "Feature", "properties": {"cartodb_id": 93, "layer": "MNR_and_LIRR_stations", "path": "/Users/stephanepierre/Downloads/MNR_and_LIRR_stations.geojson"}, "geometry": {"type": "Point", "coordinates": [-73.65466, 40.634711]}}, {"type": "Feature", "properties": {"cartodb_id": 94, "layer": "MNR_and_LIRR_stations", "path": "/Users/stephanepierre/Downloads/MNR_and_LIRR_stations.geojson"}, "geometry": {"type": "Point", "coordinates": [-73.65474, 40.601291]}}, {"type": "Feature", "properties": {"cartodb_id": 95, "layer": "MNR_and_LIRR_stations", "path": "/Users/stephanepierre/Downloads/MNR_and_LIRR_stations.geojson"}, "geometry": {"type": "Point", "coordinates": [-73.66482, 40.590171]}}, {"type": "Feature", "properties": {"cartodb_id": 96, "layer": "MNR_and_LIRR_stations", "path": "/Users/stephanepierre/Downloads/MNR_and_LIRR_stations.geojson"}, "geometry": {"type": "Point", "coordinates": [-73.64655, 40.658311]}}, {"type": "Feature", "properties": {"cartodb_id": 97, "layer": "MNR_and_LIRR_stations", "path": "/Users/stephanepierre/Downloads/MNR_and_LIRR_stations.geojson"}, "geometry": {"type": "Point", "coordinates": [-73.60716, 40.656721]}}, {"type": "Feature", "properties": {"cartodb_id": 98, "layer": "MNR_and_LIRR_stations", "path": "/Users/stephanepierre/Downloads/MNR_and_LIRR_stations.geojson"}, "geometry": {"type": "Point", "coordinates": [-73.58232, 40.657451]}}, {"type": "Feature", "properties": {"cartodb_id": 99, "layer": "MNR_and_LIRR_stations", "path": "/Users/stephanepierre/Downloads/MNR_and_LIRR_stations.geojson"}, "geometry": {"type": "Point", "coordinates": [-73.55062, 40.663791]}}, {"type": "Feature", "properties": {"cartodb_id": 100, "layer": "MNR_and_LIRR_stations", "path": "/Users/stephanepierre/Downloads/MNR_and_LIRR_stations.geojson"}, "geometry": {"type": "Point", "coordinates": [-73.52886, 40.668791]}}, {"type": "Feature", "properties": {"cartodb_id": 101, "layer": "MNR_and_LIRR_stations", "path": "/Users/stephanepierre/Downloads/MNR_and_LIRR_stations.geojson"}, "geometry": {"type": "Point", "coordinates": [-73.50896, 40.672981]}}, {"type": "Feature", "properties": {"cartodb_id": 102, "layer": "MNR_and_LIRR_stations", "path": "/Users/stephanepierre/Downloads/MNR_and_LIRR_stations.geojson"}, "geometry": {"type": "Point", "coordinates": [-73.48657, 40.675721]}}, {"type": "Feature", "properties": {"cartodb_id": 103, "layer": "MNR_and_LIRR_stations", "path": "/Users/stephanepierre/Downloads/MNR_and_LIRR_stations.geojson"}, "geometry": {"type": "Point", "coordinates": [-73.46905, 40.676921]}}, {"type": "Feature", "properties": {"cartodb_id": 104, "layer": "MNR_and_LIRR_stations", "path": "/Users/stephanepierre/Downloads/MNR_and_LIRR_stations.geojson"}, "geometry": {"type": "Point", "coordinates": [-73.45474, 40.677851]}}, {"type": "Feature", "properties": {"cartodb_id": 105, "layer": "MNR_and_LIRR_stations", "path": "/Users/stephanepierre/Downloads/MNR_and_LIRR_stations.geojson"}, "geometry": {"type": "Point", "coordinates": [-73.42031, 40.680241]}}, {"type": "Feature", "properties": {"cartodb_id": 106, "layer": "MNR_and_LIRR_stations", "path": "/Users/stephanepierre/Downloads/MNR_and_LIRR_stations.geojson"}, "geometry": {"type": "Point", "coordinates": [-73.39834, 40.681011]}}, {"type": "Feature", "properties": {"cartodb_id": 107, "layer": "MNR_and_LIRR_stations", "path": "/Users/stephanepierre/Downloads/MNR_and_LIRR_stations.geojson"}, "geometry": {"type": "Point", "coordinates": [-73.36921, 40.688261]}}, {"type": "Feature", "properties": {"cartodb_id": 108, "layer": "MNR_and_LIRR_stations", "path": "/Users/stephanepierre/Downloads/MNR_and_LIRR_stations.geojson"}, "geometry": {"type": "Point", "coordinates": [-73.32405, 40.700681]}}, {"type": "Feature", "properties": {"cartodb_id": 109, "layer": "MNR_and_LIRR_stations", "path": "/Users/stephanepierre/Downloads/MNR_and_LIRR_stations.geojson"}, "geometry": {"type": "Point", "coordinates": [-73.25408, 40.724431]}}, {"type": "Feature", "properties": {"cartodb_id": 110, "layer": "MNR_and_LIRR_stations", "path": "/Users/stephanepierre/Downloads/MNR_and_LIRR_stations.geojson"}, "geometry": {"type": "Point", "coordinates": [-73.20932, 40.735831]}}, {"type": "Feature", "properties": {"cartodb_id": 111, "layer": "MNR_and_LIRR_stations", "path": "/Users/stephanepierre/Downloads/MNR_and_LIRR_stations.geojson"}, "geometry": {"type": "Point", "coordinates": [-73.17019, 40.740441]}}, {"type": "Feature", "properties": {"cartodb_id": 112, "layer": "MNR_and_LIRR_stations", "path": "/Users/stephanepierre/Downloads/MNR_and_LIRR_stations.geojson"}, "geometry": {"type": "Point", "coordinates": [-73.13243, 40.743421]}}, {"type": "Feature", "properties": {"cartodb_id": 113, "layer": "MNR_and_LIRR_stations", "path": "/Users/stephanepierre/Downloads/MNR_and_LIRR_stations.geojson"}, "geometry": {"type": "Point", "coordinates": [-73.08645, 40.740351]}}, {"type": "Feature", "properties": {"cartodb_id": 114, "layer": "MNR_and_LIRR_stations", "path": "/Users/stephanepierre/Downloads/MNR_and_LIRR_stations.geojson"}, "geometry": {"type": "Point", "coordinates": [-73.015741, 40.761871]}}, {"type": "Feature", "properties": {"cartodb_id": 115, "layer": "MNR_and_LIRR_stations", "path": "/Users/stephanepierre/Downloads/MNR_and_LIRR_stations.geojson"}, "geometry": {"type": "Point", "coordinates": [-72.943961, 40.773731]}}, {"type": "Feature", "properties": {"cartodb_id": 116, "layer": "MNR_and_LIRR_stations", "path": "/Users/stephanepierre/Downloads/MNR_and_LIRR_stations.geojson"}, "geometry": {"type": "Point", "coordinates": [-72.864421, 40.798981]}}, {"type": "Feature", "properties": {"cartodb_id": 117, "layer": "MNR_and_LIRR_stations", "path": "/Users/stephanepierre/Downloads/MNR_and_LIRR_stations.geojson"}, "geometry": {"type": "Point", "coordinates": [-72.704271, 40.821171]}}, {"type": "Feature", "properties": {"cartodb_id": 118, "layer": "MNR_and_LIRR_stations", "path": "/Users/stephanepierre/Downloads/MNR_and_LIRR_stations.geojson"}, "geometry": {"type": "Point", "coordinates": [-72.650321, 40.830301]}}, {"type": "Feature", "properties": {"cartodb_id": 119, "layer": "MNR_and_LIRR_stations", "path": "/Users/stephanepierre/Downloads/MNR_and_LIRR_stations.geojson"}, "geometry": {"type": "Point", "coordinates": [-72.523951, 40.876601]}}, {"type": "Feature", "properties": {"cartodb_id": 120, "layer": "MNR_and_LIRR_stations", "path": "/Users/stephanepierre/Downloads/MNR_and_LIRR_stations.geojson"}, "geometry": {"type": "Point", "coordinates": [-72.390122, 40.894711]}}, {"type": "Feature", "properties": {"cartodb_id": 121, "layer": "MNR_and_LIRR_stations", "path": "/Users/stephanepierre/Downloads/MNR_and_LIRR_stations.geojson"}, "geometry": {"type": "Point", "coordinates": [-72.310052, 40.93898]}}, {"type": "Feature", "properties": {"cartodb_id": 122, "layer": "MNR_and_LIRR_stations", "path": "/Users/stephanepierre/Downloads/MNR_and_LIRR_stations.geojson"}, "geometry": {"type": "Point", "coordinates": [-72.193242, 40.96508]}}, {"type": "Feature", "properties": {"cartodb_id": 123, "layer": "MNR_and_LIRR_stations", "path": "/Users/stephanepierre/Downloads/MNR_and_LIRR_stations.geojson"}, "geometry": {"type": "Point", "coordinates": [-72.132332, 40.98003]}}, {"type": "Feature", "properties": {"cartodb_id": 124, "layer": "MNR_and_LIRR_stations", "path": "/Users/stephanepierre/Downloads/MNR_and_LIRR_stations.geojson"}, "geometry": {"type": "Point", "coordinates": [-71.953882, 41.0471]}}, {"type": "Feature", "properties": {"cartodb_id": 381, "layer": "Subway", "path": "/Users/stephanepierre/Downloads/Subway|layername=Subway"}, "geometry": {"type": "Point", "coordinates": [-73.981628, 40.730954]}}, {"type": "Feature", "properties": {"cartodb_id": 479, "layer": "Subway", "path": "/Users/stephanepierre/Downloads/Subway|layername=Subway"}, "geometry": {"type": "Point", "coordinates": [-74.178216, 40.54046]}}, {"type": "Feature", "properties": {"cartodb_id": 87, "layer": "Subway", "path": "/Users/stephanepierre/Downloads/Subway|layername=Subway"}, "geometry": {"type": "Point", "coordinates": [-73.908946, 40.66255]}}, {"type": "Feature", "properties": {"cartodb_id": 152, "layer": "Subway", "path": "/Users/stephanepierre/Downloads/Subway|layername=Subway"}, "geometry": {"type": "Point", "coordinates": [-73.997141, 40.722302]}}, {"type": "Feature", "properties": {"cartodb_id": 247, "layer": "Subway", "path": "/Users/stephanepierre/Downloads/Subway|layername=Subway"}, "geometry": {"type": "Point", "coordinates": [-73.878855, 40.874811]}}, {"type": "Feature", "properties": {"cartodb_id": 292, "layer": "Subway", "path": "/Users/stephanepierre/Downloads/Subway|layername=Subway"}, "geometry": {"type": "Point", "coordinates": [-73.837324, 40.718332]}}, {"type": "Feature", "properties": {"cartodb_id": 156, "layer": "Subway", "path": "/Users/stephanepierre/Downloads/Subway|layername=Subway"}, "geometry": {"type": "Point", "coordinates": [-73.845625, 40.754623]}}, {"type": "Feature", "properties": {"cartodb_id": 178, "layer": "Subway", "path": "/Users/stephanepierre/Downloads/Subway|layername=Subway"}, "geometry": {"type": "Point", "coordinates": [-73.986229, 40.755984]}}, {"type": "Feature", "properties": {"cartodb_id": 309, "layer": "Subway", "path": "/Users/stephanepierre/Downloads/Subway|layername=Subway"}, "geometry": {"type": "Point", "coordinates": [-73.976971, 40.629755]}}, {"type": "Feature", "properties": {"cartodb_id": 335, "layer": "Subway", "path": "/Users/stephanepierre/Downloads/Subway|layername=Subway"}, "geometry": {"type": "Point", "coordinates": [-73.949724, 40.744066]}}, {"type": "Feature", "properties": {"cartodb_id": 458, "layer": "Subway", "path": "/Users/stephanepierre/Downloads/Subway|layername=Subway"}, "geometry": {"type": "Point", "coordinates": [-73.98311, 40.677316]}}, {"type": "Feature", "properties": {"cartodb_id": 163, "layer": "Subway", "path": "/Users/stephanepierre/Downloads/Subway|layername=Subway"}, "geometry": {"type": "Point", "coordinates": [-73.896403, 40.746326]}}, {"type": "Feature", "properties": {"cartodb_id": 253, "layer": "Subway", "path": "/Users/stephanepierre/Downloads/Subway|layername=Subway"}, "geometry": {"type": "Point", "coordinates": [-73.910136, 40.8459]}}, {"type": "Feature", "properties": {"cartodb_id": 298, "layer": "Subway", "path": "/Users/stephanepierre/Downloads/Subway|layername=Subway"}, "geometry": {"type": "Point", "coordinates": [-73.990173, 40.713715]}}, {"type": "Feature", "properties": {"cartodb_id": 463, "layer": "Subway", "path": "/Users/stephanepierre/Downloads/Subway|layername=Subway"}, "geometry": {"type": "Point", "coordinates": [-74.010006, 40.648939]}}, {"type": "Feature", "properties": {"cartodb_id": 1, "layer": "Subway", "path": "/Users/stephanepierre/Downloads/Subway|layername=Subway"}, "geometry": {"type": "Point", "coordinates": [-73.898583, 40.889248]}}, {"type": "Feature", "properties": {"cartodb_id": 2, "layer": "Subway", "path": "/Users/stephanepierre/Downloads/Subway|layername=Subway"}, "geometry": {"type": "Point", "coordinates": [-73.90087, 40.884667]}}, {"type": "Feature", "properties": {"cartodb_id": 3, "layer": "Subway", "path": "/Users/stephanepierre/Downloads/Subway|layername=Subway"}, "geometry": {"type": "Point", "coordinates": [-73.904834, 40.878856]}}, {"type": "Feature", "properties": {"cartodb_id": 4, "layer": "Subway", "path": "/Users/stephanepierre/Downloads/Subway|layername=Subway"}, "geometry": {"type": "Point", "coordinates": [-73.909831, 40.874561]}}, {"type": "Feature", "properties": {"cartodb_id": 5, "layer": "Subway", "path": "/Users/stephanepierre/Downloads/Subway|layername=Subway"}, "geometry": {"type": "Point", "coordinates": [-73.915279, 40.869444]}}, {"type": "Feature", "properties": {"cartodb_id": 6, "layer": "Subway", "path": "/Users/stephanepierre/Downloads/Subway|layername=Subway"}, "geometry": {"type": "Point", "coordinates": [-73.918822, 40.864621]}}, {"type": "Feature", "properties": {"cartodb_id": 7, "layer": "Subway", "path": "/Users/stephanepierre/Downloads/Subway|layername=Subway"}, "geometry": {"type": "Point", "coordinates": [-73.925536, 40.860531]}}, {"type": "Feature", "properties": {"cartodb_id": 8, "layer": "Subway", "path": "/Users/stephanepierre/Downloads/Subway|layername=Subway"}, "geometry": {"type": "Point", "coordinates": [-73.929412, 40.855225]}}, {"type": "Feature", "properties": {"cartodb_id": 9, "layer": "Subway", "path": "/Users/stephanepierre/Downloads/Subway|layername=Subway"}, "geometry": {"type": "Point", "coordinates": [-73.933596, 40.849505]}}, {"type": "Feature", "properties": {"cartodb_id": 10, "layer": "Subway", "path": "/Users/stephanepierre/Downloads/Subway|layername=Subway"}, "geometry": {"type": "Point", "coordinates": [-73.940133, 40.840556]}}, {"type": "Feature", "properties": {"cartodb_id": 11, "layer": "Subway", "path": "/Users/stephanepierre/Downloads/Subway|layername=Subway"}, "geometry": {"type": "Point", "coordinates": [-73.94489, 40.834041]}}, {"type": "Feature", "properties": {"cartodb_id": 12, "layer": "Subway", "path": "/Users/stephanepierre/Downloads/Subway|layername=Subway"}, "geometry": {"type": "Point", "coordinates": [-73.95036, 40.826551]}}, {"type": "Feature", "properties": {"cartodb_id": 35, "layer": "Subway", "path": "/Users/stephanepierre/Downloads/Subway|layername=Subway"}, "geometry": {"type": "Point", "coordinates": [-74.009266, 40.715478]}}, {"type": "Feature", "properties": {"cartodb_id": 13, "layer": "Subway", "path": "/Users/stephanepierre/Downloads/Subway|layername=Subway"}, "geometry": {"type": "Point", "coordinates": [-73.953676, 40.822008]}}, {"type": "Feature", "properties": {"cartodb_id": 14, "layer": "Subway", "path": "/Users/stephanepierre/Downloads/Subway|layername=Subway"}, "geometry": {"type": "Point", "coordinates": [-73.958372, 40.815581]}}, {"type": "Feature", "properties": {"cartodb_id": 15, "layer": "Subway", "path": "/Users/stephanepierre/Downloads/Subway|layername=Subway"}, "geometry": {"type": "Point", "coordinates": [-73.96411, 40.807722]}}, {"type": "Feature", "properties": {"cartodb_id": 16, "layer": "Subway", "path": "/Users/stephanepierre/Downloads/Subway|layername=Subway"}, "geometry": {"type": "Point", "coordinates": [-73.966847, 40.803967]}}, {"type": "Feature", "properties": {"cartodb_id": 17, "layer": "Subway", "path": "/Users/stephanepierre/Downloads/Subway|layername=Subway"}, "geometry": {"type": "Point", "coordinates": [-73.968379, 40.799446]}}, {"type": "Feature", "properties": {"cartodb_id": 18, "layer": "Subway", "path": "/Users/stephanepierre/Downloads/Subway|layername=Subway"}, "geometry": {"type": "Point", "coordinates": [-73.972323, 40.793919]}}, {"type": "Feature", "properties": {"cartodb_id": 19, "layer": "Subway", "path": "/Users/stephanepierre/Downloads/Subway|layername=Subway"}, "geometry": {"type": "Point", "coordinates": [-73.976218, 40.788644]}}, {"type": "Feature", "properties": {"cartodb_id": 20, "layer": "Subway", "path": "/Users/stephanepierre/Downloads/Subway|layername=Subway"}, "geometry": {"type": "Point", "coordinates": [-73.979917, 40.783935]}}, {"type": "Feature", "properties": {"cartodb_id": 21, "layer": "Subway", "path": "/Users/stephanepierre/Downloads/Subway|layername=Subway"}, "geometry": {"type": "Point", "coordinates": [-73.98197, 40.778454]}}, {"type": "Feature", "properties": {"cartodb_id": 22, "layer": "Subway", "path": "/Users/stephanepierre/Downloads/Subway|layername=Subway"}, "geometry": {"type": "Point", "coordinates": [-73.982209, 40.773441]}}, {"type": "Feature", "properties": {"cartodb_id": 23, "layer": "Subway", "path": "/Users/stephanepierre/Downloads/Subway|layername=Subway"}, "geometry": {"type": "Point", "coordinates": [-73.981929, 40.768248]}}, {"type": "Feature", "properties": {"cartodb_id": 24, "layer": "Subway", "path": "/Users/stephanepierre/Downloads/Subway|layername=Subway"}, "geometry": {"type": "Point", "coordinates": [-73.983849, 40.761729]}}, {"type": "Feature", "properties": {"cartodb_id": 25, "layer": "Subway", "path": "/Users/stephanepierre/Downloads/Subway|layername=Subway"}, "geometry": {"type": "Point", "coordinates": [-73.987495, 40.755291]}}, {"type": "Feature", "properties": {"cartodb_id": 26, "layer": "Subway", "path": "/Users/stephanepierre/Downloads/Subway|layername=Subway"}, "geometry": {"type": "Point", "coordinates": [-73.991057, 40.750374]}}, {"type": "Feature", "properties": {"cartodb_id": 27, "layer": "Subway", "path": "/Users/stephanepierre/Downloads/Subway|layername=Subway"}, "geometry": {"type": "Point", "coordinates": [-73.993365, 40.747216]}}, {"type": "Feature", "properties": {"cartodb_id": 28, "layer": "Subway", "path": "/Users/stephanepierre/Downloads/Subway|layername=Subway"}, "geometry": {"type": "Point", "coordinates": [-73.995657, 40.744082]}}, {"type": "Feature", "properties": {"cartodb_id": 29, "layer": "Subway", "path": "/Users/stephanepierre/Downloads/Subway|layername=Subway"}, "geometry": {"type": "Point", "coordinates": [-73.997871, 40.741041]}}, {"type": "Feature", "properties": {"cartodb_id": 30, "layer": "Subway", "path": "/Users/stephanepierre/Downloads/Subway|layername=Subway"}, "geometry": {"type": "Point", "coordinates": [-74.000201, 40.737827]}}, {"type": "Feature", "properties": {"cartodb_id": 31, "layer": "Subway", "path": "/Users/stephanepierre/Downloads/Subway|layername=Subway"}, "geometry": {"type": "Point", "coordinates": [-74.002906, 40.733423]}}, {"type": "Feature", "properties": {"cartodb_id": 32, "layer": "Subway", "path": "/Users/stephanepierre/Downloads/Subway|layername=Subway"}, "geometry": {"type": "Point", "coordinates": [-74.005367, 40.728251]}}, {"type": "Feature", "properties": {"cartodb_id": 33, "layer": "Subway", "path": "/Users/stephanepierre/Downloads/Subway|layername=Subway"}, "geometry": {"type": "Point", "coordinates": [-74.006277, 40.722854]}}, {"type": "Feature", "properties": {"cartodb_id": 34, "layer": "Subway", "path": "/Users/stephanepierre/Downloads/Subway|layername=Subway"}, "geometry": {"type": "Point", "coordinates": [-74.006886, 40.719318]}}, {"type": "Feature", "properties": {"cartodb_id": 237, "layer": "Subway", "path": "/Users/stephanepierre/Downloads/Subway|layername=Subway"}, "geometry": {"type": "Point", "coordinates": [-73.994791, 40.63626]}}, {"type": "Feature", "properties": {"cartodb_id": 36, "layer": "Subway", "path": "/Users/stephanepierre/Downloads/Subway|layername=Subway"}, "geometry": {"type": "Point", "coordinates": [-74.012188, 40.711835]}}, {"type": "Feature", "properties": {"cartodb_id": 37, "layer": "Subway", "path": "/Users/stephanepierre/Downloads/Subway|layername=Subway"}, "geometry": {"type": "Point", "coordinates": [-74.013783, 40.707513]}}, {"type": "Feature", "properties": {"cartodb_id": 38, "layer": "Subway", "path": "/Users/stephanepierre/Downloads/Subway|layername=Subway"}, "geometry": {"type": "Point", "coordinates": [-74.013664, 40.702068]}}, {"type": "Feature", "properties": {"cartodb_id": 39, "layer": "Subway", "path": "/Users/stephanepierre/Downloads/Subway|layername=Subway"}, "geometry": {"type": "Point", "coordinates": [-73.85062, 40.903125]}}, {"type": "Feature", "properties": {"cartodb_id": 40, "layer": "Subway", "path": "/Users/stephanepierre/Downloads/Subway|layername=Subway"}, "geometry": {"type": "Point", "coordinates": [-73.854376, 40.898379]}}, {"type": "Feature", "properties": {"cartodb_id": 41, "layer": "Subway", "path": "/Users/stephanepierre/Downloads/Subway|layername=Subway"}, "geometry": {"type": "Point", "coordinates": [-73.857473, 40.893193]}}, {"type": "Feature", "properties": {"cartodb_id": 42, "layer": "Subway", "path": "/Users/stephanepierre/Downloads/Subway|layername=Subway"}, "geometry": {"type": "Point", "coordinates": [-73.860341, 40.888022]}}, {"type": "Feature", "properties": {"cartodb_id": 43, "layer": "Subway", "path": "/Users/stephanepierre/Downloads/Subway|layername=Subway"}, "geometry": {"type": "Point", "coordinates": [-73.862633, 40.883895]}}, {"type": "Feature", "properties": {"cartodb_id": 44, "layer": "Subway", "path": "/Users/stephanepierre/Downloads/Subway|layername=Subway"}, "geometry": {"type": "Point", "coordinates": [-73.866256, 40.87785]}}, {"type": "Feature", "properties": {"cartodb_id": 45, "layer": "Subway", "path": "/Users/stephanepierre/Downloads/Subway|layername=Subway"}, "geometry": {"type": "Point", "coordinates": [-73.867164, 40.871356]}}, {"type": "Feature", "properties": {"cartodb_id": 46, "layer": "Subway", "path": "/Users/stephanepierre/Downloads/Subway|layername=Subway"}, "geometry": {"type": "Point", "coordinates": [-73.867352, 40.865463]}}, {"type": "Feature", "properties": {"cartodb_id": 47, "layer": "Subway", "path": "/Users/stephanepierre/Downloads/Subway|layername=Subway"}, "geometry": {"type": "Point", "coordinates": [-73.867615, 40.857193]}}, {"type": "Feature", "properties": {"cartodb_id": 48, "layer": "Subway", "path": "/Users/stephanepierre/Downloads/Subway|layername=Subway"}, "geometry": {"type": "Point", "coordinates": [-73.868457, 40.848829]}}, {"type": "Feature", "properties": {"cartodb_id": 49, "layer": "Subway", "path": "/Users/stephanepierre/Downloads/Subway|layername=Subway"}, "geometry": {"type": "Point", "coordinates": [-73.873488, 40.841895]}}, {"type": "Feature", "properties": {"cartodb_id": 50, "layer": "Subway", "path": "/Users/stephanepierre/Downloads/Subway|layername=Subway"}, "geometry": {"type": "Point", "coordinates": [-73.880049, 40.840296]}}, {"type": "Feature", "properties": {"cartodb_id": 235, "layer": "Subway", "path": "/Users/stephanepierre/Downloads/Subway|layername=Subway"}, "geometry": {"type": "Point", "coordinates": [-73.994324, 40.646292]}}, {"type": "Feature", "properties": {"cartodb_id": 51, "layer": "Subway", "path": "/Users/stephanepierre/Downloads/Subway|layername=Subway"}, "geometry": {"type": "Point", "coordinates": [-73.887734, 40.837289]}}, {"type": "Feature", "properties": {"cartodb_id": 52, "layer": "Subway", "path": "/Users/stephanepierre/Downloads/Subway|layername=Subway"}, "geometry": {"type": "Point", "coordinates": [-73.891865, 40.829994]}}, {"type": "Feature", "properties": {"cartodb_id": 53, "layer": "Subway", "path": "/Users/stephanepierre/Downloads/Subway|layername=Subway"}, "geometry": {"type": "Point", "coordinates": [-73.893064, 40.824074]}}, {"type": "Feature", "properties": {"cartodb_id": 54, "layer": "Subway", "path": "/Users/stephanepierre/Downloads/Subway|layername=Subway"}, "geometry": {"type": "Point", "coordinates": [-73.896736, 40.822182]}}, {"type": "Feature", "properties": {"cartodb_id": 55, "layer": "Subway", "path": "/Users/stephanepierre/Downloads/Subway|layername=Subway"}, "geometry": {"type": "Point", "coordinates": [-73.90177, 40.819586]}}, {"type": "Feature", "properties": {"cartodb_id": 56, "layer": "Subway", "path": "/Users/stephanepierre/Downloads/Subway|layername=Subway"}, "geometry": {"type": "Point", "coordinates": [-73.907807, 40.816491]}}, {"type": "Feature", "properties": {"cartodb_id": 57, "layer": "Subway", "path": "/Users/stephanepierre/Downloads/Subway|layername=Subway"}, "geometry": {"type": "Point", "coordinates": [-73.917757, 40.81611]}}, {"type": "Feature", "properties": {"cartodb_id": 58, "layer": "Subway", "path": "/Users/stephanepierre/Downloads/Subway|layername=Subway"}, "geometry": {"type": "Point", "coordinates": [-73.926718, 40.818411]}}, {"type": "Feature", "properties": {"cartodb_id": 59, "layer": "Subway", "path": "/Users/stephanepierre/Downloads/Subway|layername=Subway"}, "geometry": {"type": "Point", "coordinates": [-73.94077, 40.814229]}}, {"type": "Feature", "properties": {"cartodb_id": 60, "layer": "Subway", "path": "/Users/stephanepierre/Downloads/Subway|layername=Subway"}, "geometry": {"type": "Point", "coordinates": [-73.945495, 40.807755]}}, {"type": "Feature", "properties": {"cartodb_id": 61, "layer": "Subway", "path": "/Users/stephanepierre/Downloads/Subway|layername=Subway"}, "geometry": {"type": "Point", "coordinates": [-73.949625, 40.802099]}}, {"type": "Feature", "properties": {"cartodb_id": 62, "layer": "Subway", "path": "/Users/stephanepierre/Downloads/Subway|layername=Subway"}, "geometry": {"type": "Point", "coordinates": [-73.951822, 40.799076]}}, {"type": "Feature", "properties": {"cartodb_id": 63, "layer": "Subway", "path": "/Users/stephanepierre/Downloads/Subway|layername=Subway"}, "geometry": {"type": "Point", "coordinates": [-74.008811, 40.713051]}}, {"type": "Feature", "properties": {"cartodb_id": 64, "layer": "Subway", "path": "/Users/stephanepierre/Downloads/Subway|layername=Subway"}, "geometry": {"type": "Point", "coordinates": [-74.006571, 40.709416]}}, {"type": "Feature", "properties": {"cartodb_id": 65, "layer": "Subway", "path": "/Users/stephanepierre/Downloads/Subway|layername=Subway"}, "geometry": {"type": "Point", "coordinates": [-74.0091, 40.706821]}}, {"type": "Feature", "properties": {"cartodb_id": 66, "layer": "Subway", "path": "/Users/stephanepierre/Downloads/Subway|layername=Subway"}, "geometry": {"type": "Point", "coordinates": [-73.993086, 40.697466]}}, {"type": "Feature", "properties": {"cartodb_id": 67, "layer": "Subway", "path": "/Users/stephanepierre/Downloads/Subway|layername=Subway"}, "geometry": {"type": "Point", "coordinates": [-73.989998, 40.693219]}}, {"type": "Feature", "properties": {"cartodb_id": 68, "layer": "Subway", "path": "/Users/stephanepierre/Downloads/Subway|layername=Subway"}, "geometry": {"type": "Point", "coordinates": [-73.985065, 40.690545]}}, {"type": "Feature", "properties": {"cartodb_id": 69, "layer": "Subway", "path": "/Users/stephanepierre/Downloads/Subway|layername=Subway"}, "geometry": {"type": "Point", "coordinates": [-73.980492, 40.688246]}}, {"type": "Feature", "properties": {"cartodb_id": 70, "layer": "Subway", "path": "/Users/stephanepierre/Downloads/Subway|layername=Subway"}, "geometry": {"type": "Point", "coordinates": [-73.977666, 40.684359]}}, {"type": "Feature", "properties": {"cartodb_id": 71, "layer": "Subway", "path": "/Users/stephanepierre/Downloads/Subway|layername=Subway"}, "geometry": {"type": "Point", "coordinates": [-73.975098, 40.680829]}}, {"type": "Feature", "properties": {"cartodb_id": 72, "layer": "Subway", "path": "/Users/stephanepierre/Downloads/Subway|layername=Subway"}, "geometry": {"type": "Point", "coordinates": [-73.971046, 40.675235]}}, {"type": "Feature", "properties": {"cartodb_id": 73, "layer": "Subway", "path": "/Users/stephanepierre/Downloads/Subway|layername=Subway"}, "geometry": {"type": "Point", "coordinates": [-73.964375, 40.671987]}}, {"type": "Feature", "properties": {"cartodb_id": 74, "layer": "Subway", "path": "/Users/stephanepierre/Downloads/Subway|layername=Subway"}, "geometry": {"type": "Point", "coordinates": [-73.958131, 40.670682]}}, {"type": "Feature", "properties": {"cartodb_id": 75, "layer": "Subway", "path": "/Users/stephanepierre/Downloads/Subway|layername=Subway"}, "geometry": {"type": "Point", "coordinates": [-73.950683, 40.667883]}}, {"type": "Feature", "properties": {"cartodb_id": 76, "layer": "Subway", "path": "/Users/stephanepierre/Downloads/Subway|layername=Subway"}, "geometry": {"type": "Point", "coordinates": [-73.95085, 40.662742]}}, {"type": "Feature", "properties": {"cartodb_id": 77, "layer": "Subway", "path": "/Users/stephanepierre/Downloads/Subway|layername=Subway"}, "geometry": {"type": "Point", "coordinates": [-73.9502, 40.656652]}}, {"type": "Feature", "properties": {"cartodb_id": 78, "layer": "Subway", "path": "/Users/stephanepierre/Downloads/Subway|layername=Subway"}, "geometry": {"type": "Point", "coordinates": [-73.949575, 40.650843]}}, {"type": "Feature", "properties": {"cartodb_id": 79, "layer": "Subway", "path": "/Users/stephanepierre/Downloads/Subway|layername=Subway"}, "geometry": {"type": "Point", "coordinates": [-73.948959, 40.645098]}}, {"type": "Feature", "properties": {"cartodb_id": 80, "layer": "Subway", "path": "/Users/stephanepierre/Downloads/Subway|layername=Subway"}, "geometry": {"type": "Point", "coordinates": [-73.948411, 40.639967]}}, {"type": "Feature", "properties": {"cartodb_id": 81, "layer": "Subway", "path": "/Users/stephanepierre/Downloads/Subway|layername=Subway"}, "geometry": {"type": "Point", "coordinates": [-73.947642, 40.632836]}}, {"type": "Feature", "properties": {"cartodb_id": 82, "layer": "Subway", "path": "/Users/stephanepierre/Downloads/Subway|layername=Subway"}, "geometry": {"type": "Point", "coordinates": [-73.950466, 40.669847]}}, {"type": "Feature", "properties": {"cartodb_id": 83, "layer": "Subway", "path": "/Users/stephanepierre/Downloads/Subway|layername=Subway"}, "geometry": {"type": "Point", "coordinates": [-73.942161, 40.669399]}}, {"type": "Feature", "properties": {"cartodb_id": 131, "layer": "Subway", "path": "/Users/stephanepierre/Downloads/Subway|layername=Subway"}, "geometry": {"type": "Point", "coordinates": [-73.907657, 40.80872]}}, {"type": "Feature", "properties": {"cartodb_id": 84, "layer": "Subway", "path": "/Users/stephanepierre/Downloads/Subway|layername=Subway"}, "geometry": {"type": "Point", "coordinates": [-73.932942, 40.668898]}}, {"type": "Feature", "properties": {"cartodb_id": 85, "layer": "Subway", "path": "/Users/stephanepierre/Downloads/Subway|layername=Subway"}, "geometry": {"type": "Point", "coordinates": [-73.92261, 40.664718]}}, {"type": "Feature", "properties": {"cartodb_id": 86, "layer": "Subway", "path": "/Users/stephanepierre/Downloads/Subway|layername=Subway"}, "geometry": {"type": "Point", "coordinates": [-73.916327, 40.661454]}}, {"type": "Feature", "properties": {"cartodb_id": 88, "layer": "Subway", "path": "/Users/stephanepierre/Downloads/Subway|layername=Subway"}, "geometry": {"type": "Point", "coordinates": [-73.902447, 40.663516]}}, {"type": "Feature", "properties": {"cartodb_id": 89, "layer": "Subway", "path": "/Users/stephanepierre/Downloads/Subway|layername=Subway"}, "geometry": {"type": "Point", "coordinates": [-73.894895, 40.664636]}}, {"type": "Feature", "properties": {"cartodb_id": 90, "layer": "Subway", "path": "/Users/stephanepierre/Downloads/Subway|layername=Subway"}, "geometry": {"type": "Point", "coordinates": [-73.889395, 40.66545]}}, {"type": "Feature", "properties": {"cartodb_id": 91, "layer": "Subway", "path": "/Users/stephanepierre/Downloads/Subway|layername=Subway"}, "geometry": {"type": "Point", "coordinates": [-73.884079, 40.666236]}}, {"type": "Feature", "properties": {"cartodb_id": 92, "layer": "Subway", "path": "/Users/stephanepierre/Downloads/Subway|layername=Subway"}, "geometry": {"type": "Point", "coordinates": [-73.93647, 40.82388]}}, {"type": "Feature", "properties": {"cartodb_id": 93, "layer": "Subway", "path": "/Users/stephanepierre/Downloads/Subway|layername=Subway"}, "geometry": {"type": "Point", "coordinates": [-73.936245, 40.820421]}}, {"type": "Feature", "properties": {"cartodb_id": 94, "layer": "Subway", "path": "/Users/stephanepierre/Downloads/Subway|layername=Subway"}, "geometry": {"type": "Point", "coordinates": [-73.878751, 40.886037]}}, {"type": "Feature", "properties": {"cartodb_id": 95, "layer": "Subway", "path": "/Users/stephanepierre/Downloads/Subway|layername=Subway"}, "geometry": {"type": "Point", "coordinates": [-73.884655, 40.87975]}}, {"type": "Feature", "properties": {"cartodb_id": 96, "layer": "Subway", "path": "/Users/stephanepierre/Downloads/Subway|layername=Subway"}, "geometry": {"type": "Point", "coordinates": [-73.890064, 40.873412]}}, {"type": "Feature", "properties": {"cartodb_id": 97, "layer": "Subway", "path": "/Users/stephanepierre/Downloads/Subway|layername=Subway"}, "geometry": {"type": "Point", "coordinates": [-73.897174, 40.86776]}}, {"type": "Feature", "properties": {"cartodb_id": 98, "layer": "Subway", "path": "/Users/stephanepierre/Downloads/Subway|layername=Subway"}, "geometry": {"type": "Point", "coordinates": [-73.901034, 40.862803]}}, {"type": "Feature", "properties": {"cartodb_id": 99, "layer": "Subway", "path": "/Users/stephanepierre/Downloads/Subway|layername=Subway"}, "geometry": {"type": "Point", "coordinates": [-73.903879, 40.858407]}}, {"type": "Feature", "properties": {"cartodb_id": 100, "layer": "Subway", "path": "/Users/stephanepierre/Downloads/Subway|layername=Subway"}, "geometry": {"type": "Point", "coordinates": [-73.907684, 40.853453]}}, {"type": "Feature", "properties": {"cartodb_id": 101, "layer": "Subway", "path": "/Users/stephanepierre/Downloads/Subway|layername=Subway"}, "geometry": {"type": "Point", "coordinates": [-73.911794, 40.84848]}}, {"type": "Feature", "properties": {"cartodb_id": 102, "layer": "Subway", "path": "/Users/stephanepierre/Downloads/Subway|layername=Subway"}, "geometry": {"type": "Point", "coordinates": [-73.914685, 40.844434]}}, {"type": "Feature", "properties": {"cartodb_id": 103, "layer": "Subway", "path": "/Users/stephanepierre/Downloads/Subway|layername=Subway"}, "geometry": {"type": "Point", "coordinates": [-73.917791, 40.840075]}}, {"type": "Feature", "properties": {"cartodb_id": 104, "layer": "Subway", "path": "/Users/stephanepierre/Downloads/Subway|layername=Subway"}, "geometry": {"type": "Point", "coordinates": [-73.9214, 40.835537]}}, {"type": "Feature", "properties": {"cartodb_id": 105, "layer": "Subway", "path": "/Users/stephanepierre/Downloads/Subway|layername=Subway"}, "geometry": {"type": "Point", "coordinates": [-73.925831, 40.827994]}}, {"type": "Feature", "properties": {"cartodb_id": 106, "layer": "Subway", "path": "/Users/stephanepierre/Downloads/Subway|layername=Subway"}, "geometry": {"type": "Point", "coordinates": [-73.927351, 40.818376]}}, {"type": "Feature", "properties": {"cartodb_id": 107, "layer": "Subway", "path": "/Users/stephanepierre/Downloads/Subway|layername=Subway"}, "geometry": {"type": "Point", "coordinates": [-73.929849, 40.813225]}}, {"type": "Feature", "properties": {"cartodb_id": 108, "layer": "Subway", "path": "/Users/stephanepierre/Downloads/Subway|layername=Subway"}, "geometry": {"type": "Point", "coordinates": [-74.009509, 40.710368]}}, {"type": "Feature", "properties": {"cartodb_id": 109, "layer": "Subway", "path": "/Users/stephanepierre/Downloads/Subway|layername=Subway"}, "geometry": {"type": "Point", "coordinates": [-74.011862, 40.707557]}}, {"type": "Feature", "properties": {"cartodb_id": 110, "layer": "Subway", "path": "/Users/stephanepierre/Downloads/Subway|layername=Subway"}, "geometry": {"type": "Point", "coordinates": [-74.014065, 40.704817]}}, {"type": "Feature", "properties": {"cartodb_id": 111, "layer": "Subway", "path": "/Users/stephanepierre/Downloads/Subway|layername=Subway"}, "geometry": {"type": "Point", "coordinates": [-73.990151, 40.692404]}}, {"type": "Feature", "properties": {"cartodb_id": 112, "layer": "Subway", "path": "/Users/stephanepierre/Downloads/Subway|layername=Subway"}, "geometry": {"type": "Point", "coordinates": [-73.830834, 40.888301]}}, {"type": "Feature", "properties": {"cartodb_id": 113, "layer": "Subway", "path": "/Users/stephanepierre/Downloads/Subway|layername=Subway"}, "geometry": {"type": "Point", "coordinates": [-73.838591, 40.878664]}}, {"type": "Feature", "properties": {"cartodb_id": 114, "layer": "Subway", "path": "/Users/stephanepierre/Downloads/Subway|layername=Subway"}, "geometry": {"type": "Point", "coordinates": [-73.846384, 40.869527]}}, {"type": "Feature", "properties": {"cartodb_id": 115, "layer": "Subway", "path": "/Users/stephanepierre/Downloads/Subway|layername=Subway"}, "geometry": {"type": "Point", "coordinates": [-73.855359, 40.858986]}}, {"type": "Feature", "properties": {"cartodb_id": 116, "layer": "Subway", "path": "/Users/stephanepierre/Downloads/Subway|layername=Subway"}, "geometry": {"type": "Point", "coordinates": [-73.860495, 40.854365]}}, {"type": "Feature", "properties": {"cartodb_id": 117, "layer": "Subway", "path": "/Users/stephanepierre/Downloads/Subway|layername=Subway"}, "geometry": {"type": "Point", "coordinates": [-73.828121, 40.852463]}}, {"type": "Feature", "properties": {"cartodb_id": 118, "layer": "Subway", "path": "/Users/stephanepierre/Downloads/Subway|layername=Subway"}, "geometry": {"type": "Point", "coordinates": [-73.832569, 40.846811]}}, {"type": "Feature", "properties": {"cartodb_id": 119, "layer": "Subway", "path": "/Users/stephanepierre/Downloads/Subway|layername=Subway"}, "geometry": {"type": "Point", "coordinates": [-73.836322, 40.843864]}}, {"type": "Feature", "properties": {"cartodb_id": 120, "layer": "Subway", "path": "/Users/stephanepierre/Downloads/Subway|layername=Subway"}, "geometry": {"type": "Point", "coordinates": [-73.842952, 40.839893]}}, {"type": "Feature", "properties": {"cartodb_id": 121, "layer": "Subway", "path": "/Users/stephanepierre/Downloads/Subway|layername=Subway"}, "geometry": {"type": "Point", "coordinates": [-73.847036, 40.836489]}}, {"type": "Feature", "properties": {"cartodb_id": 122, "layer": "Subway", "path": "/Users/stephanepierre/Downloads/Subway|layername=Subway"}, "geometry": {"type": "Point", "coordinates": [-73.851222, 40.834256]}}, {"type": "Feature", "properties": {"cartodb_id": 123, "layer": "Subway", "path": "/Users/stephanepierre/Downloads/Subway|layername=Subway"}, "geometry": {"type": "Point", "coordinates": [-73.860816, 40.833227]}}, {"type": "Feature", "properties": {"cartodb_id": 124, "layer": "Subway", "path": "/Users/stephanepierre/Downloads/Subway|layername=Subway"}, "geometry": {"type": "Point", "coordinates": [-73.867618, 40.83151]}}, {"type": "Feature", "properties": {"cartodb_id": 125, "layer": "Subway", "path": "/Users/stephanepierre/Downloads/Subway|layername=Subway"}, "geometry": {"type": "Point", "coordinates": [-73.874516, 40.829522]}}, {"type": "Feature", "properties": {"cartodb_id": 126, "layer": "Subway", "path": "/Users/stephanepierre/Downloads/Subway|layername=Subway"}, "geometry": {"type": "Point", "coordinates": [-73.879159, 40.828585]}}, {"type": "Feature", "properties": {"cartodb_id": 127, "layer": "Subway", "path": "/Users/stephanepierre/Downloads/Subway|layername=Subway"}, "geometry": {"type": "Point", "coordinates": [-73.886283, 40.826526]}}, {"type": "Feature", "properties": {"cartodb_id": 128, "layer": "Subway", "path": "/Users/stephanepierre/Downloads/Subway|layername=Subway"}, "geometry": {"type": "Point", "coordinates": [-73.890549, 40.820949]}}, {"type": "Feature", "properties": {"cartodb_id": 129, "layer": "Subway", "path": "/Users/stephanepierre/Downloads/Subway|layername=Subway"}, "geometry": {"type": "Point", "coordinates": [-73.896435, 40.816105]}}, {"type": "Feature", "properties": {"cartodb_id": 130, "layer": "Subway", "path": "/Users/stephanepierre/Downloads/Subway|layername=Subway"}, "geometry": {"type": "Point", "coordinates": [-73.904098, 40.812119]}}, {"type": "Feature", "properties": {"cartodb_id": 132, "layer": "Subway", "path": "/Users/stephanepierre/Downloads/Subway|layername=Subway"}, "geometry": {"type": "Point", "coordinates": [-73.914042, 40.805369]}}, {"type": "Feature", "properties": {"cartodb_id": 133, "layer": "Subway", "path": "/Users/stephanepierre/Downloads/Subway|layername=Subway"}, "geometry": {"type": "Point", "coordinates": [-73.91924, 40.807567]}}, {"type": "Feature", "properties": {"cartodb_id": 134, "layer": "Subway", "path": "/Users/stephanepierre/Downloads/Subway|layername=Subway"}, "geometry": {"type": "Point", "coordinates": [-73.926138, 40.810477]}}, {"type": "Feature", "properties": {"cartodb_id": 135, "layer": "Subway", "path": "/Users/stephanepierre/Downloads/Subway|layername=Subway"}, "geometry": {"type": "Point", "coordinates": [-73.937594, 40.804139]}}, {"type": "Feature", "properties": {"cartodb_id": 136, "layer": "Subway", "path": "/Users/stephanepierre/Downloads/Subway|layername=Subway"}, "geometry": {"type": "Point", "coordinates": [-73.941617, 40.79863]}}, {"type": "Feature", "properties": {"cartodb_id": 137, "layer": "Subway", "path": "/Users/stephanepierre/Downloads/Subway|layername=Subway"}, "geometry": {"type": "Point", "coordinates": [-73.94425, 40.795021]}}, {"type": "Feature", "properties": {"cartodb_id": 138, "layer": "Subway", "path": "/Users/stephanepierre/Downloads/Subway|layername=Subway"}, "geometry": {"type": "Point", "coordinates": [-73.947478, 40.790601]}}, {"type": "Feature", "properties": {"cartodb_id": 139, "layer": "Subway", "path": "/Users/stephanepierre/Downloads/Subway|layername=Subway"}, "geometry": {"type": "Point", "coordinates": [-73.95107, 40.785673]}}, {"type": "Feature", "properties": {"cartodb_id": 140, "layer": "Subway", "path": "/Users/stephanepierre/Downloads/Subway|layername=Subway"}, "geometry": {"type": "Point", "coordinates": [-73.955589, 40.779493]}}, {"type": "Feature", "properties": {"cartodb_id": 141, "layer": "Subway", "path": "/Users/stephanepierre/Downloads/Subway|layername=Subway"}, "geometry": {"type": "Point", "coordinates": [-73.959874, 40.773621]}}, {"type": "Feature", "properties": {"cartodb_id": 142, "layer": "Subway", "path": "/Users/stephanepierre/Downloads/Subway|layername=Subway"}, "geometry": {"type": "Point", "coordinates": [-73.96387, 40.768142]}}, {"type": "Feature", "properties": {"cartodb_id": 143, "layer": "Subway", "path": "/Users/stephanepierre/Downloads/Subway|layername=Subway"}, "geometry": {"type": "Point", "coordinates": [-73.967967, 40.762527]}}, {"type": "Feature", "properties": {"cartodb_id": 144, "layer": "Subway", "path": "/Users/stephanepierre/Downloads/Subway|layername=Subway"}, "geometry": {"type": "Point", "coordinates": [-73.97192, 40.757108]}}, {"type": "Feature", "properties": {"cartodb_id": 145, "layer": "Subway", "path": "/Users/stephanepierre/Downloads/Subway|layername=Subway"}, "geometry": {"type": "Point", "coordinates": [-73.976848, 40.751777]}}, {"type": "Feature", "properties": {"cartodb_id": 146, "layer": "Subway", "path": "/Users/stephanepierre/Downloads/Subway|layername=Subway"}, "geometry": {"type": "Point", "coordinates": [-73.982076, 40.746082]}}, {"type": "Feature", "properties": {"cartodb_id": 147, "layer": "Subway", "path": "/Users/stephanepierre/Downloads/Subway|layername=Subway"}, "geometry": {"type": "Point", "coordinates": [-73.984264, 40.743071]}}, {"type": "Feature", "properties": {"cartodb_id": 148, "layer": "Subway", "path": "/Users/stephanepierre/Downloads/Subway|layername=Subway"}, "geometry": {"type": "Point", "coordinates": [-73.986599, 40.739865]}}, {"type": "Feature", "properties": {"cartodb_id": 149, "layer": "Subway", "path": "/Users/stephanepierre/Downloads/Subway|layername=Subway"}, "geometry": {"type": "Point", "coordinates": [-73.989951, 40.734674]}}, {"type": "Feature", "properties": {"cartodb_id": 150, "layer": "Subway", "path": "/Users/stephanepierre/Downloads/Subway|layername=Subway"}, "geometry": {"type": "Point", "coordinates": [-73.99107, 40.730055]}}, {"type": "Feature", "properties": {"cartodb_id": 151, "layer": "Subway", "path": "/Users/stephanepierre/Downloads/Subway|layername=Subway"}, "geometry": {"type": "Point", "coordinates": [-73.994659, 40.725916]}}, {"type": "Feature", "properties": {"cartodb_id": 153, "layer": "Subway", "path": "/Users/stephanepierre/Downloads/Subway|layername=Subway"}, "geometry": {"type": "Point", "coordinates": [-74.000193, 40.718803]}}, {"type": "Feature", "properties": {"cartodb_id": 154, "layer": "Subway", "path": "/Users/stephanepierre/Downloads/Subway|layername=Subway"}, "geometry": {"type": "Point", "coordinates": [-74.004131, 40.713065]}}, {"type": "Feature", "properties": {"cartodb_id": 155, "layer": "Subway", "path": "/Users/stephanepierre/Downloads/Subway|layername=Subway"}, "geometry": {"type": "Point", "coordinates": [-73.83003, 40.759601]}}, {"type": "Feature", "properties": {"cartodb_id": 157, "layer": "Subway", "path": "/Users/stephanepierre/Downloads/Subway|layername=Subway"}, "geometry": {"type": "Point", "coordinates": [-73.855334, 40.751731]}}, {"type": "Feature", "properties": {"cartodb_id": 158, "layer": "Subway", "path": "/Users/stephanepierre/Downloads/Subway|layername=Subway"}, "geometry": {"type": "Point", "coordinates": [-73.8627, 40.749866]}}, {"type": "Feature", "properties": {"cartodb_id": 159, "layer": "Subway", "path": "/Users/stephanepierre/Downloads/Subway|layername=Subway"}, "geometry": {"type": "Point", "coordinates": [-73.869527, 40.749146]}}, {"type": "Feature", "properties": {"cartodb_id": 160, "layer": "Subway", "path": "/Users/stephanepierre/Downloads/Subway|layername=Subway"}, "geometry": {"type": "Point", "coordinates": [-73.876613, 40.748409]}}, {"type": "Feature", "properties": {"cartodb_id": 161, "layer": "Subway", "path": "/Users/stephanepierre/Downloads/Subway|layername=Subway"}, "geometry": {"type": "Point", "coordinates": [-73.883697, 40.74766]}}, {"type": "Feature", "properties": {"cartodb_id": 162, "layer": "Subway", "path": "/Users/stephanepierre/Downloads/Subway|layername=Subway"}, "geometry": {"type": "Point", "coordinates": [-73.891394, 40.746849]}}, {"type": "Feature", "properties": {"cartodb_id": 164, "layer": "Subway", "path": "/Users/stephanepierre/Downloads/Subway|layername=Subway"}, "geometry": {"type": "Point", "coordinates": [-73.902984, 40.745631]}}, {"type": "Feature", "properties": {"cartodb_id": 165, "layer": "Subway", "path": "/Users/stephanepierre/Downloads/Subway|layername=Subway"}, "geometry": {"type": "Point", "coordinates": [-73.912549, 40.74415]}}, {"type": "Feature", "properties": {"cartodb_id": 166, "layer": "Subway", "path": "/Users/stephanepierre/Downloads/Subway|layername=Subway"}, "geometry": {"type": "Point", "coordinates": [-73.918435, 40.743133]}}, {"type": "Feature", "properties": {"cartodb_id": 167, "layer": "Subway", "path": "/Users/stephanepierre/Downloads/Subway|layername=Subway"}, "geometry": {"type": "Point", "coordinates": [-73.924016, 40.743782]}}, {"type": "Feature", "properties": {"cartodb_id": 380, "layer": "Subway", "path": "/Users/stephanepierre/Downloads/Subway|layername=Subway"}, "geometry": {"type": "Point", "coordinates": [-73.986122, 40.73285]}}, {"type": "Feature", "properties": {"cartodb_id": 168, "layer": "Subway", "path": "/Users/stephanepierre/Downloads/Subway|layername=Subway"}, "geometry": {"type": "Point", "coordinates": [-73.930997, 40.744588]}}, {"type": "Feature", "properties": {"cartodb_id": 169, "layer": "Subway", "path": "/Users/stephanepierre/Downloads/Subway|layername=Subway"}, "geometry": {"type": "Point", "coordinates": [-73.940202, 40.750583]}}, {"type": "Feature", "properties": {"cartodb_id": 170, "layer": "Subway", "path": "/Users/stephanepierre/Downloads/Subway|layername=Subway"}, "geometry": {"type": "Point", "coordinates": [-73.945264, 40.747024]}}, {"type": "Feature", "properties": {"cartodb_id": 171, "layer": "Subway", "path": "/Users/stephanepierre/Downloads/Subway|layername=Subway"}, "geometry": {"type": "Point", "coordinates": [-73.948916, 40.742217]}}, {"type": "Feature", "properties": {"cartodb_id": 172, "layer": "Subway", "path": "/Users/stephanepierre/Downloads/Subway|layername=Subway"}, "geometry": {"type": "Point", "coordinates": [-73.953581, 40.742627]}}, {"type": "Feature", "properties": {"cartodb_id": 173, "layer": "Subway", "path": "/Users/stephanepierre/Downloads/Subway|layername=Subway"}, "geometry": {"type": "Point", "coordinates": [-73.976041, 40.751432]}}, {"type": "Feature", "properties": {"cartodb_id": 174, "layer": "Subway", "path": "/Users/stephanepierre/Downloads/Subway|layername=Subway"}, "geometry": {"type": "Point", "coordinates": [-73.981963, 40.753822]}}, {"type": "Feature", "properties": {"cartodb_id": 175, "layer": "Subway", "path": "/Users/stephanepierre/Downloads/Subway|layername=Subway"}, "geometry": {"type": "Point", "coordinates": [-73.987691, 40.755478]}}, {"type": "Feature", "properties": {"cartodb_id": 176, "layer": "Subway", "path": "/Users/stephanepierre/Downloads/Subway|layername=Subway"}, "geometry": {"type": "Point", "coordinates": [-74.00191, 40.755883]}}, {"type": "Feature", "properties": {"cartodb_id": 177, "layer": "Subway", "path": "/Users/stephanepierre/Downloads/Subway|layername=Subway"}, "geometry": {"type": "Point", "coordinates": [-73.979189, 40.75277]}}, {"type": "Feature", "properties": {"cartodb_id": 222, "layer": "Subway", "path": "/Users/stephanepierre/Downloads/Subway|layername=Subway"}, "geometry": {"type": "Point", "coordinates": [-73.88075, 40.674131]}}, {"type": "Feature", "properties": {"cartodb_id": 179, "layer": "Subway", "path": "/Users/stephanepierre/Downloads/Subway|layername=Subway"}, "geometry": {"type": "Point", "coordinates": [-73.919899, 40.868072]}}, {"type": "Feature", "properties": {"cartodb_id": 180, "layer": "Subway", "path": "/Users/stephanepierre/Downloads/Subway|layername=Subway"}, "geometry": {"type": "Point", "coordinates": [-73.927271, 40.865491]}}, {"type": "Feature", "properties": {"cartodb_id": 181, "layer": "Subway", "path": "/Users/stephanepierre/Downloads/Subway|layername=Subway"}, "geometry": {"type": "Point", "coordinates": [-73.93418, 40.859022]}}, {"type": "Feature", "properties": {"cartodb_id": 182, "layer": "Subway", "path": "/Users/stephanepierre/Downloads/Subway|layername=Subway"}, "geometry": {"type": "Point", "coordinates": [-73.937969, 40.851695]}}, {"type": "Feature", "properties": {"cartodb_id": 183, "layer": "Subway", "path": "/Users/stephanepierre/Downloads/Subway|layername=Subway"}, "geometry": {"type": "Point", "coordinates": [-73.939704, 40.847391]}}, {"type": "Feature", "properties": {"cartodb_id": 184, "layer": "Subway", "path": "/Users/stephanepierre/Downloads/Subway|layername=Subway"}, "geometry": {"type": "Point", "coordinates": [-73.939561, 40.840719]}}, {"type": "Feature", "properties": {"cartodb_id": 185, "layer": "Subway", "path": "/Users/stephanepierre/Downloads/Subway|layername=Subway"}, "geometry": {"type": "Point", "coordinates": [-73.939892, 40.836013]}}, {"type": "Feature", "properties": {"cartodb_id": 186, "layer": "Subway", "path": "/Users/stephanepierre/Downloads/Subway|layername=Subway"}, "geometry": {"type": "Point", "coordinates": [-73.941514, 40.830518]}}, {"type": "Feature", "properties": {"cartodb_id": 187, "layer": "Subway", "path": "/Users/stephanepierre/Downloads/Subway|layername=Subway"}, "geometry": {"type": "Point", "coordinates": [-73.944216, 40.824783]}}, {"type": "Feature", "properties": {"cartodb_id": 188, "layer": "Subway", "path": "/Users/stephanepierre/Downloads/Subway|layername=Subway"}, "geometry": {"type": "Point", "coordinates": [-73.947649, 40.817894]}}, {"type": "Feature", "properties": {"cartodb_id": 189, "layer": "Subway", "path": "/Users/stephanepierre/Downloads/Subway|layername=Subway"}, "geometry": {"type": "Point", "coordinates": [-73.952343, 40.811109]}}, {"type": "Feature", "properties": {"cartodb_id": 190, "layer": "Subway", "path": "/Users/stephanepierre/Downloads/Subway|layername=Subway"}, "geometry": {"type": "Point", "coordinates": [-73.954882, 40.805085]}}, {"type": "Feature", "properties": {"cartodb_id": 191, "layer": "Subway", "path": "/Users/stephanepierre/Downloads/Subway|layername=Subway"}, "geometry": {"type": "Point", "coordinates": [-73.958161, 40.800603]}}, {"type": "Feature", "properties": {"cartodb_id": 192, "layer": "Subway", "path": "/Users/stephanepierre/Downloads/Subway|layername=Subway"}, "geometry": {"type": "Point", "coordinates": [-73.961454, 40.796093]}}, {"type": "Feature", "properties": {"cartodb_id": 193, "layer": "Subway", "path": "/Users/stephanepierre/Downloads/Subway|layername=Subway"}, "geometry": {"type": "Point", "coordinates": [-73.964696, 40.791643]}}, {"type": "Feature", "properties": {"cartodb_id": 194, "layer": "Subway", "path": "/Users/stephanepierre/Downloads/Subway|layername=Subway"}, "geometry": {"type": "Point", "coordinates": [-73.968916, 40.785869]}}, {"type": "Feature", "properties": {"cartodb_id": 195, "layer": "Subway", "path": "/Users/stephanepierre/Downloads/Subway|layername=Subway"}, "geometry": {"type": "Point", "coordinates": [-73.972143, 40.781434]}}, {"type": "Feature", "properties": {"cartodb_id": 196, "layer": "Subway", "path": "/Users/stephanepierre/Downloads/Subway|layername=Subway"}, "geometry": {"type": "Point", "coordinates": [-73.97641, 40.775595]}}, {"type": "Feature", "properties": {"cartodb_id": 197, "layer": "Subway", "path": "/Users/stephanepierre/Downloads/Subway|layername=Subway"}, "geometry": {"type": "Point", "coordinates": [-73.981736, 40.768297]}}, {"type": "Feature", "properties": {"cartodb_id": 198, "layer": "Subway", "path": "/Users/stephanepierre/Downloads/Subway|layername=Subway"}, "geometry": {"type": "Point", "coordinates": [-73.985984, 40.762457]}}, {"type": "Feature", "properties": {"cartodb_id": 199, "layer": "Subway", "path": "/Users/stephanepierre/Downloads/Subway|layername=Subway"}, "geometry": {"type": "Point", "coordinates": [-73.989735, 40.757309]}}, {"type": "Feature", "properties": {"cartodb_id": 200, "layer": "Subway", "path": "/Users/stephanepierre/Downloads/Subway|layername=Subway"}, "geometry": {"type": "Point", "coordinates": [-73.993391, 40.752288]}}, {"type": "Feature", "properties": {"cartodb_id": 201, "layer": "Subway", "path": "/Users/stephanepierre/Downloads/Subway|layername=Subway"}, "geometry": {"type": "Point", "coordinates": [-73.998041, 40.745907]}}, {"type": "Feature", "properties": {"cartodb_id": 202, "layer": "Subway", "path": "/Users/stephanepierre/Downloads/Subway|layername=Subway"}, "geometry": {"type": "Point", "coordinates": [-74.00169, 40.740894]}}, {"type": "Feature", "properties": {"cartodb_id": 203, "layer": "Subway", "path": "/Users/stephanepierre/Downloads/Subway|layername=Subway"}, "geometry": {"type": "Point", "coordinates": [-74.000495, 40.732339]}}, {"type": "Feature", "properties": {"cartodb_id": 204, "layer": "Subway", "path": "/Users/stephanepierre/Downloads/Subway|layername=Subway"}, "geometry": {"type": "Point", "coordinates": [-74.003739, 40.726227]}}, {"type": "Feature", "properties": {"cartodb_id": 205, "layer": "Subway", "path": "/Users/stephanepierre/Downloads/Subway|layername=Subway"}, "geometry": {"type": "Point", "coordinates": [-74.005229, 40.720824]}}, {"type": "Feature", "properties": {"cartodb_id": 206, "layer": "Subway", "path": "/Users/stephanepierre/Downloads/Subway|layername=Subway"}, "geometry": {"type": "Point", "coordinates": [-74.008585, 40.714111]}}, {"type": "Feature", "properties": {"cartodb_id": 207, "layer": "Subway", "path": "/Users/stephanepierre/Downloads/Subway|layername=Subway"}, "geometry": {"type": "Point", "coordinates": [-74.007691, 40.710197]}}, {"type": "Feature", "properties": {"cartodb_id": 208, "layer": "Subway", "path": "/Users/stephanepierre/Downloads/Subway|layername=Subway"}, "geometry": {"type": "Point", "coordinates": [-73.990531, 40.699337]}}, {"type": "Feature", "properties": {"cartodb_id": 209, "layer": "Subway", "path": "/Users/stephanepierre/Downloads/Subway|layername=Subway"}, "geometry": {"type": "Point", "coordinates": [-73.987342, 40.692338]}}, {"type": "Feature", "properties": {"cartodb_id": 234, "layer": "Subway", "path": "/Users/stephanepierre/Downloads/Subway|layername=Subway"}, "geometry": {"type": "Point", "coordinates": [-73.97745, 40.763973]}}, {"type": "Feature", "properties": {"cartodb_id": 210, "layer": "Subway", "path": "/Users/stephanepierre/Downloads/Subway|layername=Subway"}, "geometry": {"type": "Point", "coordinates": [-73.985001, 40.688484]}}, {"type": "Feature", "properties": {"cartodb_id": 211, "layer": "Subway", "path": "/Users/stephanepierre/Downloads/Subway|layername=Subway"}, "geometry": {"type": "Point", "coordinates": [-73.973946, 40.686113]}}, {"type": "Feature", "properties": {"cartodb_id": 212, "layer": "Subway", "path": "/Users/stephanepierre/Downloads/Subway|layername=Subway"}, "geometry": {"type": "Point", "coordinates": [-73.965838, 40.683263]}}, {"type": "Feature", "properties": {"cartodb_id": 213, "layer": "Subway", "path": "/Users/stephanepierre/Downloads/Subway|layername=Subway"}, "geometry": {"type": "Point", "coordinates": [-73.956848, 40.68138]}}, {"type": "Feature", "properties": {"cartodb_id": 214, "layer": "Subway", "path": "/Users/stephanepierre/Downloads/Subway|layername=Subway"}, "geometry": {"type": "Point", "coordinates": [-73.950426, 40.680438]}}, {"type": "Feature", "properties": {"cartodb_id": 215, "layer": "Subway", "path": "/Users/stephanepierre/Downloads/Subway|layername=Subway"}, "geometry": {"type": "Point", "coordinates": [-73.940858, 40.679922]}}, {"type": "Feature", "properties": {"cartodb_id": 216, "layer": "Subway", "path": "/Users/stephanepierre/Downloads/Subway|layername=Subway"}, "geometry": {"type": "Point", "coordinates": [-73.930729, 40.679365]}}, {"type": "Feature", "properties": {"cartodb_id": 217, "layer": "Subway", "path": "/Users/stephanepierre/Downloads/Subway|layername=Subway"}, "geometry": {"type": "Point", "coordinates": [-73.920786, 40.678823]}}, {"type": "Feature", "properties": {"cartodb_id": 218, "layer": "Subway", "path": "/Users/stephanepierre/Downloads/Subway|layername=Subway"}, "geometry": {"type": "Point", "coordinates": [-73.911946, 40.678341]}}, {"type": "Feature", "properties": {"cartodb_id": 219, "layer": "Subway", "path": "/Users/stephanepierre/Downloads/Subway|layername=Subway"}, "geometry": {"type": "Point", "coordinates": [-73.905316, 40.678335]}}, {"type": "Feature", "properties": {"cartodb_id": 220, "layer": "Subway", "path": "/Users/stephanepierre/Downloads/Subway|layername=Subway"}, "geometry": {"type": "Point", "coordinates": [-73.896548, 40.674543]}}, {"type": "Feature", "properties": {"cartodb_id": 221, "layer": "Subway", "path": "/Users/stephanepierre/Downloads/Subway|layername=Subway"}, "geometry": {"type": "Point", "coordinates": [-73.890358, 40.672711]}}, {"type": "Feature", "properties": {"cartodb_id": 223, "layer": "Subway", "path": "/Users/stephanepierre/Downloads/Subway|layername=Subway"}, "geometry": {"type": "Point", "coordinates": [-73.872106, 40.675378]}}, {"type": "Feature", "properties": {"cartodb_id": 224, "layer": "Subway", "path": "/Users/stephanepierre/Downloads/Subway|layername=Subway"}, "geometry": {"type": "Point", "coordinates": [-73.86505, 40.677045]}}, {"type": "Feature", "properties": {"cartodb_id": 225, "layer": "Subway", "path": "/Users/stephanepierre/Downloads/Subway|layername=Subway"}, "geometry": {"type": "Point", "coordinates": [-73.858992, 40.679372]}}, {"type": "Feature", "properties": {"cartodb_id": 226, "layer": "Subway", "path": "/Users/stephanepierre/Downloads/Subway|layername=Subway"}, "geometry": {"type": "Point", "coordinates": [-73.85147, 40.679844]}}, {"type": "Feature", "properties": {"cartodb_id": 227, "layer": "Subway", "path": "/Users/stephanepierre/Downloads/Subway|layername=Subway"}, "geometry": {"type": "Point", "coordinates": [-73.843853, 40.68043]}}, {"type": "Feature", "properties": {"cartodb_id": 228, "layer": "Subway", "path": "/Users/stephanepierre/Downloads/Subway|layername=Subway"}, "geometry": {"type": "Point", "coordinates": [-73.837683, 40.681712]}}, {"type": "Feature", "properties": {"cartodb_id": 229, "layer": "Subway", "path": "/Users/stephanepierre/Downloads/Subway|layername=Subway"}, "geometry": {"type": "Point", "coordinates": [-73.832163, 40.684332]}}, {"type": "Feature", "properties": {"cartodb_id": 230, "layer": "Subway", "path": "/Users/stephanepierre/Downloads/Subway|layername=Subway"}, "geometry": {"type": "Point", "coordinates": [-73.825798, 40.685952]}}, {"type": "Feature", "properties": {"cartodb_id": 231, "layer": "Subway", "path": "/Users/stephanepierre/Downloads/Subway|layername=Subway"}, "geometry": {"type": "Point", "coordinates": [-73.942836, 40.754204]}}, {"type": "Feature", "properties": {"cartodb_id": 232, "layer": "Subway", "path": "/Users/stephanepierre/Downloads/Subway|layername=Subway"}, "geometry": {"type": "Point", "coordinates": [-73.95326, 40.759146]}}, {"type": "Feature", "properties": {"cartodb_id": 233, "layer": "Subway", "path": "/Users/stephanepierre/Downloads/Subway|layername=Subway"}, "geometry": {"type": "Point", "coordinates": [-73.966113, 40.76463]}}, {"type": "Feature", "properties": {"cartodb_id": 236, "layer": "Subway", "path": "/Users/stephanepierre/Downloads/Subway|layername=Subway"}, "geometry": {"type": "Point", "coordinates": [-73.994304, 40.640914]}}, {"type": "Feature", "properties": {"cartodb_id": 238, "layer": "Subway", "path": "/Users/stephanepierre/Downloads/Subway|layername=Subway"}, "geometry": {"type": "Point", "coordinates": [-73.995476, 40.631435]}}, {"type": "Feature", "properties": {"cartodb_id": 239, "layer": "Subway", "path": "/Users/stephanepierre/Downloads/Subway|layername=Subway"}, "geometry": {"type": "Point", "coordinates": [-73.996895, 40.626472]}}, {"type": "Feature", "properties": {"cartodb_id": 240, "layer": "Subway", "path": "/Users/stephanepierre/Downloads/Subway|layername=Subway"}, "geometry": {"type": "Point", "coordinates": [-73.998864, 40.619589]}}, {"type": "Feature", "properties": {"cartodb_id": 241, "layer": "Subway", "path": "/Users/stephanepierre/Downloads/Subway|layername=Subway"}, "geometry": {"type": "Point", "coordinates": [-74.00061, 40.613501]}}, {"type": "Feature", "properties": {"cartodb_id": 242, "layer": "Subway", "path": "/Users/stephanepierre/Downloads/Subway|layername=Subway"}, "geometry": {"type": "Point", "coordinates": [-74.001736, 40.607954]}}, {"type": "Feature", "properties": {"cartodb_id": 243, "layer": "Subway", "path": "/Users/stephanepierre/Downloads/Subway|layername=Subway"}, "geometry": {"type": "Point", "coordinates": [-73.998168, 40.604556]}}, {"type": "Feature", "properties": {"cartodb_id": 244, "layer": "Subway", "path": "/Users/stephanepierre/Downloads/Subway|layername=Subway"}, "geometry": {"type": "Point", "coordinates": [-73.993728, 40.601875]}}, {"type": "Feature", "properties": {"cartodb_id": 245, "layer": "Subway", "path": "/Users/stephanepierre/Downloads/Subway|layername=Subway"}, "geometry": {"type": "Point", "coordinates": [-73.986829, 40.597704]}}, {"type": "Feature", "properties": {"cartodb_id": 246, "layer": "Subway", "path": "/Users/stephanepierre/Downloads/Subway|layername=Subway"}, "geometry": {"type": "Point", "coordinates": [-73.983765, 40.588841]}}, {"type": "Feature", "properties": {"cartodb_id": 248, "layer": "Subway", "path": "/Users/stephanepierre/Downloads/Subway|layername=Subway"}, "geometry": {"type": "Point", "coordinates": [-73.887138, 40.873244]}}, {"type": "Feature", "properties": {"cartodb_id": 249, "layer": "Subway", "path": "/Users/stephanepierre/Downloads/Subway|layername=Subway"}, "geometry": {"type": "Point", "coordinates": [-73.893509, 40.866978]}}, {"type": "Feature", "properties": {"cartodb_id": 250, "layer": "Subway", "path": "/Users/stephanepierre/Downloads/Subway|layername=Subway"}, "geometry": {"type": "Point", "coordinates": [-73.897749, 40.861296]}}, {"type": "Feature", "properties": {"cartodb_id": 251, "layer": "Subway", "path": "/Users/stephanepierre/Downloads/Subway|layername=Subway"}, "geometry": {"type": "Point", "coordinates": [-73.900741, 40.856093]}}, {"type": "Feature", "properties": {"cartodb_id": 252, "layer": "Subway", "path": "/Users/stephanepierre/Downloads/Subway|layername=Subway"}, "geometry": {"type": "Point", "coordinates": [-73.905227, 40.85041]}}, {"type": "Feature", "properties": {"cartodb_id": 254, "layer": "Subway", "path": "/Users/stephanepierre/Downloads/Subway|layername=Subway"}, "geometry": {"type": "Point", "coordinates": [-73.9134, 40.839306]}}, {"type": "Feature", "properties": {"cartodb_id": 255, "layer": "Subway", "path": "/Users/stephanepierre/Downloads/Subway|layername=Subway"}, "geometry": {"type": "Point", "coordinates": [-73.91844, 40.833771]}}, {"type": "Feature", "properties": {"cartodb_id": 256, "layer": "Subway", "path": "/Users/stephanepierre/Downloads/Subway|layername=Subway"}, "geometry": {"type": "Point", "coordinates": [-73.925651, 40.827905]}}, {"type": "Feature", "properties": {"cartodb_id": 257, "layer": "Subway", "path": "/Users/stephanepierre/Downloads/Subway|layername=Subway"}, "geometry": {"type": "Point", "coordinates": [-73.938209, 40.830135]}}, {"type": "Feature", "properties": {"cartodb_id": 258, "layer": "Subway", "path": "/Users/stephanepierre/Downloads/Subway|layername=Subway"}, "geometry": {"type": "Point", "coordinates": [-73.981637, 40.762863]}}, {"type": "Feature", "properties": {"cartodb_id": 259, "layer": "Subway", "path": "/Users/stephanepierre/Downloads/Subway|layername=Subway"}, "geometry": {"type": "Point", "coordinates": [-73.981329, 40.758664]}}, {"type": "Feature", "properties": {"cartodb_id": 281, "layer": "Subway", "path": "/Users/stephanepierre/Downloads/Subway|layername=Subway"}, "geometry": {"type": "Point", "coordinates": [-73.961376, 40.577621]}}, {"type": "Feature", "properties": {"cartodb_id": 260, "layer": "Subway", "path": "/Users/stephanepierre/Downloads/Subway|layername=Subway"}, "geometry": {"type": "Point", "coordinates": [-73.984569, 40.754223]}}, {"type": "Feature", "properties": {"cartodb_id": 261, "layer": "Subway", "path": "/Users/stephanepierre/Downloads/Subway|layername=Subway"}, "geometry": {"type": "Point", "coordinates": [-73.987823, 40.74972]}}, {"type": "Feature", "properties": {"cartodb_id": 262, "layer": "Subway", "path": "/Users/stephanepierre/Downloads/Subway|layername=Subway"}, "geometry": {"type": "Point", "coordinates": [-73.992821, 40.742879]}}, {"type": "Feature", "properties": {"cartodb_id": 263, "layer": "Subway", "path": "/Users/stephanepierre/Downloads/Subway|layername=Subway"}, "geometry": {"type": "Point", "coordinates": [-73.996209, 40.738229]}}, {"type": "Feature", "properties": {"cartodb_id": 264, "layer": "Subway", "path": "/Users/stephanepierre/Downloads/Subway|layername=Subway"}, "geometry": {"type": "Point", "coordinates": [-73.996204, 40.725298]}}, {"type": "Feature", "properties": {"cartodb_id": 265, "layer": "Subway", "path": "/Users/stephanepierre/Downloads/Subway|layername=Subway"}, "geometry": {"type": "Point", "coordinates": [-73.993753, 40.718268]}}, {"type": "Feature", "properties": {"cartodb_id": 266, "layer": "Subway", "path": "/Users/stephanepierre/Downloads/Subway|layername=Subway"}, "geometry": {"type": "Point", "coordinates": [-73.97689, 40.68446]}}, {"type": "Feature", "properties": {"cartodb_id": 267, "layer": "Subway", "path": "/Users/stephanepierre/Downloads/Subway|layername=Subway"}, "geometry": {"type": "Point", "coordinates": [-73.972367, 40.67705]}}, {"type": "Feature", "properties": {"cartodb_id": 268, "layer": "Subway", "path": "/Users/stephanepierre/Downloads/Subway|layername=Subway"}, "geometry": {"type": "Point", "coordinates": [-73.962246, 40.661614]}}, {"type": "Feature", "properties": {"cartodb_id": 269, "layer": "Subway", "path": "/Users/stephanepierre/Downloads/Subway|layername=Subway"}, "geometry": {"type": "Point", "coordinates": [-73.961495, 40.655292]}}, {"type": "Feature", "properties": {"cartodb_id": 270, "layer": "Subway", "path": "/Users/stephanepierre/Downloads/Subway|layername=Subway"}, "geometry": {"type": "Point", "coordinates": [-73.962982, 40.650527]}}, {"type": "Feature", "properties": {"cartodb_id": 271, "layer": "Subway", "path": "/Users/stephanepierre/Downloads/Subway|layername=Subway"}, "geometry": {"type": "Point", "coordinates": [-73.964492, 40.644031]}}, {"type": "Feature", "properties": {"cartodb_id": 272, "layer": "Subway", "path": "/Users/stephanepierre/Downloads/Subway|layername=Subway"}, "geometry": {"type": "Point", "coordinates": [-73.963891, 40.640927]}}, {"type": "Feature", "properties": {"cartodb_id": 273, "layer": "Subway", "path": "/Users/stephanepierre/Downloads/Subway|layername=Subway"}, "geometry": {"type": "Point", "coordinates": [-73.962793, 40.635082]}}, {"type": "Feature", "properties": {"cartodb_id": 274, "layer": "Subway", "path": "/Users/stephanepierre/Downloads/Subway|layername=Subway"}, "geometry": {"type": "Point", "coordinates": [-73.961639, 40.62927]}}, {"type": "Feature", "properties": {"cartodb_id": 275, "layer": "Subway", "path": "/Users/stephanepierre/Downloads/Subway|layername=Subway"}, "geometry": {"type": "Point", "coordinates": [-73.960803, 40.625039]}}, {"type": "Feature", "properties": {"cartodb_id": 276, "layer": "Subway", "path": "/Users/stephanepierre/Downloads/Subway|layername=Subway"}, "geometry": {"type": "Point", "coordinates": [-73.959399, 40.617618]}}, {"type": "Feature", "properties": {"cartodb_id": 277, "layer": "Subway", "path": "/Users/stephanepierre/Downloads/Subway|layername=Subway"}, "geometry": {"type": "Point", "coordinates": [-73.957734, 40.60867]}}, {"type": "Feature", "properties": {"cartodb_id": 278, "layer": "Subway", "path": "/Users/stephanepierre/Downloads/Subway|layername=Subway"}, "geometry": {"type": "Point", "coordinates": [-73.955929, 40.5993]}}, {"type": "Feature", "properties": {"cartodb_id": 279, "layer": "Subway", "path": "/Users/stephanepierre/Downloads/Subway|layername=Subway"}, "geometry": {"type": "Point", "coordinates": [-73.955161, 40.595246]}}, {"type": "Feature", "properties": {"cartodb_id": 280, "layer": "Subway", "path": "/Users/stephanepierre/Downloads/Subway|layername=Subway"}, "geometry": {"type": "Point", "coordinates": [-73.954155, 40.586896]}}, {"type": "Feature", "properties": {"cartodb_id": 282, "layer": "Subway", "path": "/Users/stephanepierre/Downloads/Subway|layername=Subway"}, "geometry": {"type": "Point", "coordinates": [-73.968501, 40.576312]}}, {"type": "Feature", "properties": {"cartodb_id": 283, "layer": "Subway", "path": "/Users/stephanepierre/Downloads/Subway|layername=Subway"}, "geometry": {"type": "Point", "coordinates": [-73.975939, 40.576127]}}, {"type": "Feature", "properties": {"cartodb_id": 284, "layer": "Subway", "path": "/Users/stephanepierre/Downloads/Subway|layername=Subway"}, "geometry": {"type": "Point", "coordinates": [-73.981233, 40.577422]}}, {"type": "Feature", "properties": {"cartodb_id": 285, "layer": "Subway", "path": "/Users/stephanepierre/Downloads/Subway|layername=Subway"}, "geometry": {"type": "Point", "coordinates": [-74.009781, 40.712582]}}, {"type": "Feature", "properties": {"cartodb_id": 286, "layer": "Subway", "path": "/Users/stephanepierre/Downloads/Subway|layername=Subway"}, "geometry": {"type": "Point", "coordinates": [-73.783817, 40.712647]}}, {"type": "Feature", "properties": {"cartodb_id": 287, "layer": "Subway", "path": "/Users/stephanepierre/Downloads/Subway|layername=Subway"}, "geometry": {"type": "Point", "coordinates": [-73.793604, 40.710471]}}, {"type": "Feature", "properties": {"cartodb_id": 288, "layer": "Subway", "path": "/Users/stephanepierre/Downloads/Subway|layername=Subway"}, "geometry": {"type": "Point", "coordinates": [-73.803326, 40.707565]}}, {"type": "Feature", "properties": {"cartodb_id": 289, "layer": "Subway", "path": "/Users/stephanepierre/Downloads/Subway|layername=Subway"}, "geometry": {"type": "Point", "coordinates": [-73.810708, 40.705461]}}, {"type": "Feature", "properties": {"cartodb_id": 290, "layer": "Subway", "path": "/Users/stephanepierre/Downloads/Subway|layername=Subway"}, "geometry": {"type": "Point", "coordinates": [-73.820574, 40.70918]}}, {"type": "Feature", "properties": {"cartodb_id": 291, "layer": "Subway", "path": "/Users/stephanepierre/Downloads/Subway|layername=Subway"}, "geometry": {"type": "Point", "coordinates": [-73.831008, 40.714442]}}, {"type": "Feature", "properties": {"cartodb_id": 293, "layer": "Subway", "path": "/Users/stephanepierre/Downloads/Subway|layername=Subway"}, "geometry": {"type": "Point", "coordinates": [-73.946, 40.747847]}}, {"type": "Feature", "properties": {"cartodb_id": 294, "layer": "Subway", "path": "/Users/stephanepierre/Downloads/Subway|layername=Subway"}, "geometry": {"type": "Point", "coordinates": [-73.969055, 40.757553]}}, {"type": "Feature", "properties": {"cartodb_id": 295, "layer": "Subway", "path": "/Users/stephanepierre/Downloads/Subway|layername=Subway"}, "geometry": {"type": "Point", "coordinates": [-73.975224, 40.760168]}}, {"type": "Feature", "properties": {"cartodb_id": 296, "layer": "Subway", "path": "/Users/stephanepierre/Downloads/Subway|layername=Subway"}, "geometry": {"type": "Point", "coordinates": [-73.989938, 40.723403]}}, {"type": "Feature", "properties": {"cartodb_id": 297, "layer": "Subway", "path": "/Users/stephanepierre/Downloads/Subway|layername=Subway"}, "geometry": {"type": "Point", "coordinates": [-73.988114, 40.718612]}}, {"type": "Feature", "properties": {"cartodb_id": 299, "layer": "Subway", "path": "/Users/stephanepierre/Downloads/Subway|layername=Subway"}, "geometry": {"type": "Point", "coordinates": [-73.986751, 40.701397]}}, {"type": "Feature", "properties": {"cartodb_id": 300, "layer": "Subway", "path": "/Users/stephanepierre/Downloads/Subway|layername=Subway"}, "geometry": {"type": "Point", "coordinates": [-73.990862, 40.686145]}}, {"type": "Feature", "properties": {"cartodb_id": 301, "layer": "Subway", "path": "/Users/stephanepierre/Downloads/Subway|layername=Subway"}, "geometry": {"type": "Point", "coordinates": [-73.995048, 40.680303]}}, {"type": "Feature", "properties": {"cartodb_id": 302, "layer": "Subway", "path": "/Users/stephanepierre/Downloads/Subway|layername=Subway"}, "geometry": {"type": "Point", "coordinates": [-73.995959, 40.67358]}}, {"type": "Feature", "properties": {"cartodb_id": 303, "layer": "Subway", "path": "/Users/stephanepierre/Downloads/Subway|layername=Subway"}, "geometry": {"type": "Point", "coordinates": [-73.989779, 40.670272]}}, {"type": "Feature", "properties": {"cartodb_id": 304, "layer": "Subway", "path": "/Users/stephanepierre/Downloads/Subway|layername=Subway"}, "geometry": {"type": "Point", "coordinates": [-73.980305, 40.666271]}}, {"type": "Feature", "properties": {"cartodb_id": 305, "layer": "Subway", "path": "/Users/stephanepierre/Downloads/Subway|layername=Subway"}, "geometry": {"type": "Point", "coordinates": [-73.979493, 40.660365]}}, {"type": "Feature", "properties": {"cartodb_id": 306, "layer": "Subway", "path": "/Users/stephanepierre/Downloads/Subway|layername=Subway"}, "geometry": {"type": "Point", "coordinates": [-73.975776, 40.650782]}}, {"type": "Feature", "properties": {"cartodb_id": 307, "layer": "Subway", "path": "/Users/stephanepierre/Downloads/Subway|layername=Subway"}, "geometry": {"type": "Point", "coordinates": [-73.979678, 40.644041]}}, {"type": "Feature", "properties": {"cartodb_id": 308, "layer": "Subway", "path": "/Users/stephanepierre/Downloads/Subway|layername=Subway"}, "geometry": {"type": "Point", "coordinates": [-73.978172, 40.636119]}}, {"type": "Feature", "properties": {"cartodb_id": 310, "layer": "Subway", "path": "/Users/stephanepierre/Downloads/Subway|layername=Subway"}, "geometry": {"type": "Point", "coordinates": [-73.976127, 40.625322]}}, {"type": "Feature", "properties": {"cartodb_id": 311, "layer": "Subway", "path": "/Users/stephanepierre/Downloads/Subway|layername=Subway"}, "geometry": {"type": "Point", "coordinates": [-73.975264, 40.620769]}}, {"type": "Feature", "properties": {"cartodb_id": 312, "layer": "Subway", "path": "/Users/stephanepierre/Downloads/Subway|layername=Subway"}, "geometry": {"type": "Point", "coordinates": [-73.974197, 40.61514]}}, {"type": "Feature", "properties": {"cartodb_id": 313, "layer": "Subway", "path": "/Users/stephanepierre/Downloads/Subway|layername=Subway"}, "geometry": {"type": "Point", "coordinates": [-73.973022, 40.608944]}}, {"type": "Feature", "properties": {"cartodb_id": 314, "layer": "Subway", "path": "/Users/stephanepierre/Downloads/Subway|layername=Subway"}, "geometry": {"type": "Point", "coordinates": [-73.972361, 40.603217]}}, {"type": "Feature", "properties": {"cartodb_id": 315, "layer": "Subway", "path": "/Users/stephanepierre/Downloads/Subway|layername=Subway"}, "geometry": {"type": "Point", "coordinates": [-73.973357, 40.596063]}}, {"type": "Feature", "properties": {"cartodb_id": 316, "layer": "Subway", "path": "/Users/stephanepierre/Downloads/Subway|layername=Subway"}, "geometry": {"type": "Point", "coordinates": [-73.97425, 40.58962]}}, {"type": "Feature", "properties": {"cartodb_id": 317, "layer": "Subway", "path": "/Users/stephanepierre/Downloads/Subway|layername=Subway"}, "geometry": {"type": "Point", "coordinates": [-73.974574, 40.581011]}}, {"type": "Feature", "properties": {"cartodb_id": 340, "layer": "Subway", "path": "/Users/stephanepierre/Downloads/Subway|layername=Subway"}, "geometry": {"type": "Point", "coordinates": [-73.950234, 40.700378]}}, {"type": "Feature", "properties": {"cartodb_id": 318, "layer": "Subway", "path": "/Users/stephanepierre/Downloads/Subway|layername=Subway"}, "geometry": {"type": "Point", "coordinates": [-73.801109, 40.702148]}}, {"type": "Feature", "properties": {"cartodb_id": 319, "layer": "Subway", "path": "/Users/stephanepierre/Downloads/Subway|layername=Subway"}, "geometry": {"type": "Point", "coordinates": [-73.807969, 40.700487]}}, {"type": "Feature", "properties": {"cartodb_id": 320, "layer": "Subway", "path": "/Users/stephanepierre/Downloads/Subway|layername=Subway"}, "geometry": {"type": "Point", "coordinates": [-73.816859, 40.702567]}}, {"type": "Feature", "properties": {"cartodb_id": 321, "layer": "Subway", "path": "/Users/stephanepierre/Downloads/Subway|layername=Subway"}, "geometry": {"type": "Point", "coordinates": [-73.844521, 40.721692]}}, {"type": "Feature", "properties": {"cartodb_id": 322, "layer": "Subway", "path": "/Users/stephanepierre/Downloads/Subway|layername=Subway"}, "geometry": {"type": "Point", "coordinates": [-73.852719, 40.726524]}}, {"type": "Feature", "properties": {"cartodb_id": 323, "layer": "Subway", "path": "/Users/stephanepierre/Downloads/Subway|layername=Subway"}, "geometry": {"type": "Point", "coordinates": [-73.861604, 40.729847]}}, {"type": "Feature", "properties": {"cartodb_id": 324, "layer": "Subway", "path": "/Users/stephanepierre/Downloads/Subway|layername=Subway"}, "geometry": {"type": "Point", "coordinates": [-73.869229, 40.733107]}}, {"type": "Feature", "properties": {"cartodb_id": 325, "layer": "Subway", "path": "/Users/stephanepierre/Downloads/Subway|layername=Subway"}, "geometry": {"type": "Point", "coordinates": [-73.877223, 40.737016]}}, {"type": "Feature", "properties": {"cartodb_id": 326, "layer": "Subway", "path": "/Users/stephanepierre/Downloads/Subway|layername=Subway"}, "geometry": {"type": "Point", "coordinates": [-73.882017, 40.742455]}}, {"type": "Feature", "properties": {"cartodb_id": 327, "layer": "Subway", "path": "/Users/stephanepierre/Downloads/Subway|layername=Subway"}, "geometry": {"type": "Point", "coordinates": [-73.891338, 40.746645]}}, {"type": "Feature", "properties": {"cartodb_id": 328, "layer": "Subway", "path": "/Users/stephanepierre/Downloads/Subway|layername=Subway"}, "geometry": {"type": "Point", "coordinates": [-73.898453, 40.74967]}}, {"type": "Feature", "properties": {"cartodb_id": 354, "layer": "Subway", "path": "/Users/stephanepierre/Downloads/Subway|layername=Subway"}, "geometry": {"type": "Point", "coordinates": [-73.761353, 40.600067]}}, {"type": "Feature", "properties": {"cartodb_id": 329, "layer": "Subway", "path": "/Users/stephanepierre/Downloads/Subway|layername=Subway"}, "geometry": {"type": "Point", "coordinates": [-73.906006, 40.752886]}}, {"type": "Feature", "properties": {"cartodb_id": 330, "layer": "Subway", "path": "/Users/stephanepierre/Downloads/Subway|layername=Subway"}, "geometry": {"type": "Point", "coordinates": [-73.913333, 40.756313]}}, {"type": "Feature", "properties": {"cartodb_id": 331, "layer": "Subway", "path": "/Users/stephanepierre/Downloads/Subway|layername=Subway"}, "geometry": {"type": "Point", "coordinates": [-73.92074, 40.75688]}}, {"type": "Feature", "properties": {"cartodb_id": 332, "layer": "Subway", "path": "/Users/stephanepierre/Downloads/Subway|layername=Subway"}, "geometry": {"type": "Point", "coordinates": [-73.928781, 40.75204]}}, {"type": "Feature", "properties": {"cartodb_id": 333, "layer": "Subway", "path": "/Users/stephanepierre/Downloads/Subway|layername=Subway"}, "geometry": {"type": "Point", "coordinates": [-73.937243, 40.748974]}}, {"type": "Feature", "properties": {"cartodb_id": 334, "layer": "Subway", "path": "/Users/stephanepierre/Downloads/Subway|layername=Subway"}, "geometry": {"type": "Point", "coordinates": [-73.943832, 40.746555]}}, {"type": "Feature", "properties": {"cartodb_id": 336, "layer": "Subway", "path": "/Users/stephanepierre/Downloads/Subway|layername=Subway"}, "geometry": {"type": "Point", "coordinates": [-73.954449, 40.731353]}}, {"type": "Feature", "properties": {"cartodb_id": 337, "layer": "Subway", "path": "/Users/stephanepierre/Downloads/Subway|layername=Subway"}, "geometry": {"type": "Point", "coordinates": [-73.951277, 40.724636]}}, {"type": "Feature", "properties": {"cartodb_id": 338, "layer": "Subway", "path": "/Users/stephanepierre/Downloads/Subway|layername=Subway"}, "geometry": {"type": "Point", "coordinates": [-73.951418, 40.712793]}}, {"type": "Feature", "properties": {"cartodb_id": 339, "layer": "Subway", "path": "/Users/stephanepierre/Downloads/Subway|layername=Subway"}, "geometry": {"type": "Point", "coordinates": [-73.950308, 40.706093]}}, {"type": "Feature", "properties": {"cartodb_id": 341, "layer": "Subway", "path": "/Users/stephanepierre/Downloads/Subway|layername=Subway"}, "geometry": {"type": "Point", "coordinates": [-73.949046, 40.694569]}}, {"type": "Feature", "properties": {"cartodb_id": 342, "layer": "Subway", "path": "/Users/stephanepierre/Downloads/Subway|layername=Subway"}, "geometry": {"type": "Point", "coordinates": [-73.953522, 40.689628]}}, {"type": "Feature", "properties": {"cartodb_id": 343, "layer": "Subway", "path": "/Users/stephanepierre/Downloads/Subway|layername=Subway"}, "geometry": {"type": "Point", "coordinates": [-73.96007, 40.688873]}}, {"type": "Feature", "properties": {"cartodb_id": 344, "layer": "Subway", "path": "/Users/stephanepierre/Downloads/Subway|layername=Subway"}, "geometry": {"type": "Point", "coordinates": [-73.966839, 40.688089]}}, {"type": "Feature", "properties": {"cartodb_id": 345, "layer": "Subway", "path": "/Users/stephanepierre/Downloads/Subway|layername=Subway"}, "geometry": {"type": "Point", "coordinates": [-73.975375, 40.687119]}}, {"type": "Feature", "properties": {"cartodb_id": 346, "layer": "Subway", "path": "/Users/stephanepierre/Downloads/Subway|layername=Subway"}, "geometry": {"type": "Point", "coordinates": [-73.835919, 40.672098]}}, {"type": "Feature", "properties": {"cartodb_id": 347, "layer": "Subway", "path": "/Users/stephanepierre/Downloads/Subway|layername=Subway"}, "geometry": {"type": "Point", "coordinates": [-73.834058, 40.668235]}}, {"type": "Feature", "properties": {"cartodb_id": 348, "layer": "Subway", "path": "/Users/stephanepierre/Downloads/Subway|layername=Subway"}, "geometry": {"type": "Point", "coordinates": [-73.830301, 40.660477]}}, {"type": "Feature", "properties": {"cartodb_id": 349, "layer": "Subway", "path": "/Users/stephanepierre/Downloads/Subway|layername=Subway"}, "geometry": {"type": "Point", "coordinates": [-73.815925, 40.608383]}}, {"type": "Feature", "properties": {"cartodb_id": 350, "layer": "Subway", "path": "/Users/stephanepierre/Downloads/Subway|layername=Subway"}, "geometry": {"type": "Point", "coordinates": [-73.796924, 40.590928]}}, {"type": "Feature", "properties": {"cartodb_id": 351, "layer": "Subway", "path": "/Users/stephanepierre/Downloads/Subway|layername=Subway"}, "geometry": {"type": "Point", "coordinates": [-73.788522, 40.592375]}}, {"type": "Feature", "properties": {"cartodb_id": 352, "layer": "Subway", "path": "/Users/stephanepierre/Downloads/Subway|layername=Subway"}, "geometry": {"type": "Point", "coordinates": [-73.776013, 40.592944]}}, {"type": "Feature", "properties": {"cartodb_id": 353, "layer": "Subway", "path": "/Users/stephanepierre/Downloads/Subway|layername=Subway"}, "geometry": {"type": "Point", "coordinates": [-73.768175, 40.595399]}}, {"type": "Feature", "properties": {"cartodb_id": 355, "layer": "Subway", "path": "/Users/stephanepierre/Downloads/Subway|layername=Subway"}, "geometry": {"type": "Point", "coordinates": [-73.755405, 40.603996]}}, {"type": "Feature", "properties": {"cartodb_id": 356, "layer": "Subway", "path": "/Users/stephanepierre/Downloads/Subway|layername=Subway"}, "geometry": {"type": "Point", "coordinates": [-73.813641, 40.588035]}}, {"type": "Feature", "properties": {"cartodb_id": 357, "layer": "Subway", "path": "/Users/stephanepierre/Downloads/Subway|layername=Subway"}, "geometry": {"type": "Point", "coordinates": [-73.820558, 40.585308]}}, {"type": "Feature", "properties": {"cartodb_id": 358, "layer": "Subway", "path": "/Users/stephanepierre/Downloads/Subway|layername=Subway"}, "geometry": {"type": "Point", "coordinates": [-73.827559, 40.58321]}}, {"type": "Feature", "properties": {"cartodb_id": 359, "layer": "Subway", "path": "/Users/stephanepierre/Downloads/Subway|layername=Subway"}, "geometry": {"type": "Point", "coordinates": [-73.835592, 40.580904]}}, {"type": "Feature", "properties": {"cartodb_id": 360, "layer": "Subway", "path": "/Users/stephanepierre/Downloads/Subway|layername=Subway"}, "geometry": {"type": "Point", "coordinates": [-73.828294, 40.700493]}}, {"type": "Feature", "properties": {"cartodb_id": 361, "layer": "Subway", "path": "/Users/stephanepierre/Downloads/Subway|layername=Subway"}, "geometry": {"type": "Point", "coordinates": [-73.836345, 40.697419]}}, {"type": "Feature", "properties": {"cartodb_id": 362, "layer": "Subway", "path": "/Users/stephanepierre/Downloads/Subway|layername=Subway"}, "geometry": {"type": "Point", "coordinates": [-73.84433, 40.695179]}}, {"type": "Feature", "properties": {"cartodb_id": 363, "layer": "Subway", "path": "/Users/stephanepierre/Downloads/Subway|layername=Subway"}, "geometry": {"type": "Point", "coordinates": [-73.851576, 40.69388]}}, {"type": "Feature", "properties": {"cartodb_id": 364, "layer": "Subway", "path": "/Users/stephanepierre/Downloads/Subway|layername=Subway"}, "geometry": {"type": "Point", "coordinates": [-73.86001, 40.692436]}}, {"type": "Feature", "properties": {"cartodb_id": 365, "layer": "Subway", "path": "/Users/stephanepierre/Downloads/Subway|layername=Subway"}, "geometry": {"type": "Point", "coordinates": [-73.867139, 40.691325]}}, {"type": "Feature", "properties": {"cartodb_id": 366, "layer": "Subway", "path": "/Users/stephanepierre/Downloads/Subway|layername=Subway"}, "geometry": {"type": "Point", "coordinates": [-73.87255, 40.689942]}}, {"type": "Feature", "properties": {"cartodb_id": 367, "layer": "Subway", "path": "/Users/stephanepierre/Downloads/Subway|layername=Subway"}, "geometry": {"type": "Point", "coordinates": [-73.873785, 40.683195]}}, {"type": "Feature", "properties": {"cartodb_id": 368, "layer": "Subway", "path": "/Users/stephanepierre/Downloads/Subway|layername=Subway"}, "geometry": {"type": "Point", "coordinates": [-73.880039, 40.681411]}}, {"type": "Feature", "properties": {"cartodb_id": 369, "layer": "Subway", "path": "/Users/stephanepierre/Downloads/Subway|layername=Subway"}, "geometry": {"type": "Point", "coordinates": [-73.884639, 40.679948]}}, {"type": "Feature", "properties": {"cartodb_id": 370, "layer": "Subway", "path": "/Users/stephanepierre/Downloads/Subway|layername=Subway"}, "geometry": {"type": "Point", "coordinates": [-73.891688, 40.678025]}}, {"type": "Feature", "properties": {"cartodb_id": 371, "layer": "Subway", "path": "/Users/stephanepierre/Downloads/Subway|layername=Subway"}, "geometry": {"type": "Point", "coordinates": [-73.898654, 40.676993]}}, {"type": "Feature", "properties": {"cartodb_id": 372, "layer": "Subway", "path": "/Users/stephanepierre/Downloads/Subway|layername=Subway"}, "geometry": {"type": "Point", "coordinates": [-73.904512, 40.679499]}}, {"type": "Feature", "properties": {"cartodb_id": 373, "layer": "Subway", "path": "/Users/stephanepierre/Downloads/Subway|layername=Subway"}, "geometry": {"type": "Point", "coordinates": [-73.910456, 40.682894]}}, {"type": "Feature", "properties": {"cartodb_id": 374, "layer": "Subway", "path": "/Users/stephanepierre/Downloads/Subway|layername=Subway"}, "geometry": {"type": "Point", "coordinates": [-73.916559, 40.686371]}}, {"type": "Feature", "properties": {"cartodb_id": 375, "layer": "Subway", "path": "/Users/stephanepierre/Downloads/Subway|layername=Subway"}, "geometry": {"type": "Point", "coordinates": [-73.92227, 40.689631]}}, {"type": "Feature", "properties": {"cartodb_id": 376, "layer": "Subway", "path": "/Users/stephanepierre/Downloads/Subway|layername=Subway"}, "geometry": {"type": "Point", "coordinates": [-73.928814, 40.693343]}}, {"type": "Feature", "properties": {"cartodb_id": 377, "layer": "Subway", "path": "/Users/stephanepierre/Downloads/Subway|layername=Subway"}, "geometry": {"type": "Point", "coordinates": [-74.002578, 40.739778]}}, {"type": "Feature", "properties": {"cartodb_id": 378, "layer": "Subway", "path": "/Users/stephanepierre/Downloads/Subway|layername=Subway"}, "geometry": {"type": "Point", "coordinates": [-73.996786, 40.737336]}}, {"type": "Feature", "properties": {"cartodb_id": 379, "layer": "Subway", "path": "/Users/stephanepierre/Downloads/Subway|layername=Subway"}, "geometry": {"type": "Point", "coordinates": [-73.99073, 40.73479]}}, {"type": "Feature", "properties": {"cartodb_id": 382, "layer": "Subway", "path": "/Users/stephanepierre/Downloads/Subway|layername=Subway"}, "geometry": {"type": "Point", "coordinates": [-73.956872, 40.717305]}}, {"type": "Feature", "properties": {"cartodb_id": 383, "layer": "Subway", "path": "/Users/stephanepierre/Downloads/Subway|layername=Subway"}, "geometry": {"type": "Point", "coordinates": [-73.950275, 40.714064]}}, {"type": "Feature", "properties": {"cartodb_id": 384, "layer": "Subway", "path": "/Users/stephanepierre/Downloads/Subway|layername=Subway"}, "geometry": {"type": "Point", "coordinates": [-73.944053, 40.714566]}}, {"type": "Feature", "properties": {"cartodb_id": 385, "layer": "Subway", "path": "/Users/stephanepierre/Downloads/Subway|layername=Subway"}, "geometry": {"type": "Point", "coordinates": [-73.94067, 40.711927]}}, {"type": "Feature", "properties": {"cartodb_id": 386, "layer": "Subway", "path": "/Users/stephanepierre/Downloads/Subway|layername=Subway"}, "geometry": {"type": "Point", "coordinates": [-73.93985, 40.70774]}}, {"type": "Feature", "properties": {"cartodb_id": 387, "layer": "Subway", "path": "/Users/stephanepierre/Downloads/Subway|layername=Subway"}, "geometry": {"type": "Point", "coordinates": [-73.933147, 40.706153]}}, {"type": "Feature", "properties": {"cartodb_id": 388, "layer": "Subway", "path": "/Users/stephanepierre/Downloads/Subway|layername=Subway"}, "geometry": {"type": "Point", "coordinates": [-73.922913, 40.706608]}}, {"type": "Feature", "properties": {"cartodb_id": 389, "layer": "Subway", "path": "/Users/stephanepierre/Downloads/Subway|layername=Subway"}, "geometry": {"type": "Point", "coordinates": [-73.918425, 40.703812]}}, {"type": "Feature", "properties": {"cartodb_id": 390, "layer": "Subway", "path": "/Users/stephanepierre/Downloads/Subway|layername=Subway"}, "geometry": {"type": "Point", "coordinates": [-73.911586, 40.699815]}}, {"type": "Feature", "properties": {"cartodb_id": 391, "layer": "Subway", "path": "/Users/stephanepierre/Downloads/Subway|layername=Subway"}, "geometry": {"type": "Point", "coordinates": [-73.904084, 40.695603]}}, {"type": "Feature", "properties": {"cartodb_id": 392, "layer": "Subway", "path": "/Users/stephanepierre/Downloads/Subway|layername=Subway"}, "geometry": {"type": "Point", "coordinates": [-73.904046, 40.688765]}}, {"type": "Feature", "properties": {"cartodb_id": 393, "layer": "Subway", "path": "/Users/stephanepierre/Downloads/Subway|layername=Subway"}, "geometry": {"type": "Point", "coordinates": [-73.905249, 40.68283]}}, {"type": "Feature", "properties": {"cartodb_id": 394, "layer": "Subway", "path": "/Users/stephanepierre/Downloads/Subway|layername=Subway"}, "geometry": {"type": "Point", "coordinates": [-73.90324, 40.678857]}}, {"type": "Feature", "properties": {"cartodb_id": 395, "layer": "Subway", "path": "/Users/stephanepierre/Downloads/Subway|layername=Subway"}, "geometry": {"type": "Point", "coordinates": [-73.903097, 40.675346]}}, {"type": "Feature", "properties": {"cartodb_id": 396, "layer": "Subway", "path": "/Users/stephanepierre/Downloads/Subway|layername=Subway"}, "geometry": {"type": "Point", "coordinates": [-73.901975, 40.669368]}}, {"type": "Feature", "properties": {"cartodb_id": 397, "layer": "Subway", "path": "/Users/stephanepierre/Downloads/Subway|layername=Subway"}, "geometry": {"type": "Point", "coordinates": [-73.900571, 40.664039]}}, {"type": "Feature", "properties": {"cartodb_id": 398, "layer": "Subway", "path": "/Users/stephanepierre/Downloads/Subway|layername=Subway"}, "geometry": {"type": "Point", "coordinates": [-73.899232, 40.658734]}}, {"type": "Feature", "properties": {"cartodb_id": 399, "layer": "Subway", "path": "/Users/stephanepierre/Downloads/Subway|layername=Subway"}, "geometry": {"type": "Point", "coordinates": [-73.899485, 40.650574]}}, {"type": "Feature", "properties": {"cartodb_id": 400, "layer": "Subway", "path": "/Users/stephanepierre/Downloads/Subway|layername=Subway"}, "geometry": {"type": "Point", "coordinates": [-73.90185, 40.646655]}}, {"type": "Feature", "properties": {"cartodb_id": 401, "layer": "Subway", "path": "/Users/stephanepierre/Downloads/Subway|layername=Subway"}, "geometry": {"type": "Point", "coordinates": [-73.889601, 40.711397]}}, {"type": "Feature", "properties": {"cartodb_id": 402, "layer": "Subway", "path": "/Users/stephanepierre/Downloads/Subway|layername=Subway"}, "geometry": {"type": "Point", "coordinates": [-73.895877, 40.706187]}}, {"type": "Feature", "properties": {"cartodb_id": 403, "layer": "Subway", "path": "/Users/stephanepierre/Downloads/Subway|layername=Subway"}, "geometry": {"type": "Point", "coordinates": [-73.903077, 40.704424]}}, {"type": "Feature", "properties": {"cartodb_id": 404, "layer": "Subway", "path": "/Users/stephanepierre/Downloads/Subway|layername=Subway"}, "geometry": {"type": "Point", "coordinates": [-73.90774, 40.702763]}}, {"type": "Feature", "properties": {"cartodb_id": 405, "layer": "Subway", "path": "/Users/stephanepierre/Downloads/Subway|layername=Subway"}, "geometry": {"type": "Point", "coordinates": [-73.912385, 40.699431]}}, {"type": "Feature", "properties": {"cartodb_id": 406, "layer": "Subway", "path": "/Users/stephanepierre/Downloads/Subway|layername=Subway"}, "geometry": {"type": "Point", "coordinates": [-73.919711, 40.698665]}}, {"type": "Feature", "properties": {"cartodb_id": 407, "layer": "Subway", "path": "/Users/stephanepierre/Downloads/Subway|layername=Subway"}, "geometry": {"type": "Point", "coordinates": [-73.927397, 40.697858]}}, {"type": "Feature", "properties": {"cartodb_id": 408, "layer": "Subway", "path": "/Users/stephanepierre/Downloads/Subway|layername=Subway"}, "geometry": {"type": "Point", "coordinates": [-73.935657, 40.697208]}}, {"type": "Feature", "properties": {"cartodb_id": 409, "layer": "Subway", "path": "/Users/stephanepierre/Downloads/Subway|layername=Subway"}, "geometry": {"type": "Point", "coordinates": [-73.941126, 40.700261]}}, {"type": "Feature", "properties": {"cartodb_id": 410, "layer": "Subway", "path": "/Users/stephanepierre/Downloads/Subway|layername=Subway"}, "geometry": {"type": "Point", "coordinates": [-73.947408, 40.70387]}}, {"type": "Feature", "properties": {"cartodb_id": 411, "layer": "Subway", "path": "/Users/stephanepierre/Downloads/Subway|layername=Subway"}, "geometry": {"type": "Point", "coordinates": [-73.953431, 40.706871]}}, {"type": "Feature", "properties": {"cartodb_id": 412, "layer": "Subway", "path": "/Users/stephanepierre/Downloads/Subway|layername=Subway"}, "geometry": {"type": "Point", "coordinates": [-73.957757, 40.70836]}}, {"type": "Feature", "properties": {"cartodb_id": 413, "layer": "Subway", "path": "/Users/stephanepierre/Downloads/Subway|layername=Subway"}, "geometry": {"type": "Point", "coordinates": [-73.987437, 40.718316]}}, {"type": "Feature", "properties": {"cartodb_id": 414, "layer": "Subway", "path": "/Users/stephanepierre/Downloads/Subway|layername=Subway"}, "geometry": {"type": "Point", "coordinates": [-73.993915, 40.720281]}}, {"type": "Feature", "properties": {"cartodb_id": 415, "layer": "Subway", "path": "/Users/stephanepierre/Downloads/Subway|layername=Subway"}, "geometry": {"type": "Point", "coordinates": [-73.999892, 40.718092]}}, {"type": "Feature", "properties": {"cartodb_id": 416, "layer": "Subway", "path": "/Users/stephanepierre/Downloads/Subway|layername=Subway"}, "geometry": {"type": "Point", "coordinates": [-74.003401, 40.713243]}}, {"type": "Feature", "properties": {"cartodb_id": 417, "layer": "Subway", "path": "/Users/stephanepierre/Downloads/Subway|layername=Subway"}, "geometry": {"type": "Point", "coordinates": [-74.007582, 40.710374]}}, {"type": "Feature", "properties": {"cartodb_id": 418, "layer": "Subway", "path": "/Users/stephanepierre/Downloads/Subway|layername=Subway"}, "geometry": {"type": "Point", "coordinates": [-74.011056, 40.706476]}}, {"type": "Feature", "properties": {"cartodb_id": 419, "layer": "Subway", "path": "/Users/stephanepierre/Downloads/Subway|layername=Subway"}, "geometry": {"type": "Point", "coordinates": [-74.011719, 40.635064]}}, {"type": "Feature", "properties": {"cartodb_id": 420, "layer": "Subway", "path": "/Users/stephanepierre/Downloads/Subway|layername=Subway"}, "geometry": {"type": "Point", "coordinates": [-74.005351, 40.631386]}}, {"type": "Feature", "properties": {"cartodb_id": 421, "layer": "Subway", "path": "/Users/stephanepierre/Downloads/Subway|layername=Subway"}, "geometry": {"type": "Point", "coordinates": [-73.996353, 40.624842]}}, {"type": "Feature", "properties": {"cartodb_id": 422, "layer": "Subway", "path": "/Users/stephanepierre/Downloads/Subway|layername=Subway"}, "geometry": {"type": "Point", "coordinates": [-73.990414, 40.620671]}}, {"type": "Feature", "properties": {"cartodb_id": 423, "layer": "Subway", "path": "/Users/stephanepierre/Downloads/Subway|layername=Subway"}, "geometry": {"type": "Point", "coordinates": [-73.985026, 40.61741]}}, {"type": "Feature", "properties": {"cartodb_id": 424, "layer": "Subway", "path": "/Users/stephanepierre/Downloads/Subway|layername=Subway"}, "geometry": {"type": "Point", "coordinates": [-73.981848, 40.611815]}}, {"type": "Feature", "properties": {"cartodb_id": 425, "layer": "Subway", "path": "/Users/stephanepierre/Downloads/Subway|layername=Subway"}, "geometry": {"type": "Point", "coordinates": [-73.980353, 40.603923]}}, {"type": "Feature", "properties": {"cartodb_id": 426, "layer": "Subway", "path": "/Users/stephanepierre/Downloads/Subway|layername=Subway"}, "geometry": {"type": "Point", "coordinates": [-73.979137, 40.597473]}}, {"type": "Feature", "properties": {"cartodb_id": 427, "layer": "Subway", "path": "/Users/stephanepierre/Downloads/Subway|layername=Subway"}, "geometry": {"type": "Point", "coordinates": [-73.97823, 40.592721]}}, {"type": "Feature", "properties": {"cartodb_id": 428, "layer": "Subway", "path": "/Users/stephanepierre/Downloads/Subway|layername=Subway"}, "geometry": {"type": "Point", "coordinates": [-74.00046, 40.718383]}}, {"type": "Feature", "properties": {"cartodb_id": 429, "layer": "Subway", "path": "/Users/stephanepierre/Downloads/Subway|layername=Subway"}, "geometry": {"type": "Point", "coordinates": [-73.958424, 40.7688]}}, {"type": "Feature", "properties": {"cartodb_id": 430, "layer": "Subway", "path": "/Users/stephanepierre/Downloads/Subway|layername=Subway"}, "geometry": {"type": "Point", "coordinates": [-73.951787, 40.777892]}}, {"type": "Feature", "properties": {"cartodb_id": 431, "layer": "Subway", "path": "/Users/stephanepierre/Downloads/Subway|layername=Subway"}, "geometry": {"type": "Point", "coordinates": [-73.947152, 40.784319]}}, {"type": "Feature", "properties": {"cartodb_id": 432, "layer": "Subway", "path": "/Users/stephanepierre/Downloads/Subway|layername=Subway"}, "geometry": {"type": "Point", "coordinates": [-73.912034, 40.775037]}}, {"type": "Feature", "properties": {"cartodb_id": 433, "layer": "Subway", "path": "/Users/stephanepierre/Downloads/Subway|layername=Subway"}, "geometry": {"type": "Point", "coordinates": [-73.917843, 40.770259]}}, {"type": "Feature", "properties": {"cartodb_id": 434, "layer": "Subway", "path": "/Users/stephanepierre/Downloads/Subway|layername=Subway"}, "geometry": {"type": "Point", "coordinates": [-73.921479, 40.76678]}}, {"type": "Feature", "properties": {"cartodb_id": 435, "layer": "Subway", "path": "/Users/stephanepierre/Downloads/Subway|layername=Subway"}, "geometry": {"type": "Point", "coordinates": [-73.925508, 40.761821]}}, {"type": "Feature", "properties": {"cartodb_id": 436, "layer": "Subway", "path": "/Users/stephanepierre/Downloads/Subway|layername=Subway"}, "geometry": {"type": "Point", "coordinates": [-73.929575, 40.756805]}}, {"type": "Feature", "properties": {"cartodb_id": 437, "layer": "Subway", "path": "/Users/stephanepierre/Downloads/Subway|layername=Subway"}, "geometry": {"type": "Point", "coordinates": [-73.932755, 40.752883]}}, {"type": "Feature", "properties": {"cartodb_id": 438, "layer": "Subway", "path": "/Users/stephanepierre/Downloads/Subway|layername=Subway"}, "geometry": {"type": "Point", "coordinates": [-73.967258, 40.762661]}}, {"type": "Feature", "properties": {"cartodb_id": 439, "layer": "Subway", "path": "/Users/stephanepierre/Downloads/Subway|layername=Subway"}, "geometry": {"type": "Point", "coordinates": [-73.973347, 40.764812]}}, {"type": "Feature", "properties": {"cartodb_id": 440, "layer": "Subway", "path": "/Users/stephanepierre/Downloads/Subway|layername=Subway"}, "geometry": {"type": "Point", "coordinates": [-73.980658, 40.764665]}}, {"type": "Feature", "properties": {"cartodb_id": 441, "layer": "Subway", "path": "/Users/stephanepierre/Downloads/Subway|layername=Subway"}, "geometry": {"type": "Point", "coordinates": [-73.984139, 40.759902]}}, {"type": "Feature", "properties": {"cartodb_id": 442, "layer": "Subway", "path": "/Users/stephanepierre/Downloads/Subway|layername=Subway"}, "geometry": {"type": "Point", "coordinates": [-73.986754, 40.754673]}}, {"type": "Feature", "properties": {"cartodb_id": 443, "layer": "Subway", "path": "/Users/stephanepierre/Downloads/Subway|layername=Subway"}, "geometry": {"type": "Point", "coordinates": [-73.98795, 40.749568]}}, {"type": "Feature", "properties": {"cartodb_id": 444, "layer": "Subway", "path": "/Users/stephanepierre/Downloads/Subway|layername=Subway"}, "geometry": {"type": "Point", "coordinates": [-73.988691, 40.745495]}}, {"type": "Feature", "properties": {"cartodb_id": 445, "layer": "Subway", "path": "/Users/stephanepierre/Downloads/Subway|layername=Subway"}, "geometry": {"type": "Point", "coordinates": [-73.989344, 40.741304]}}, {"type": "Feature", "properties": {"cartodb_id": 446, "layer": "Subway", "path": "/Users/stephanepierre/Downloads/Subway|layername=Subway"}, "geometry": {"type": "Point", "coordinates": [-73.990568, 40.735737]}}, {"type": "Feature", "properties": {"cartodb_id": 447, "layer": "Subway", "path": "/Users/stephanepierre/Downloads/Subway|layername=Subway"}, "geometry": {"type": "Point", "coordinates": [-73.992629, 40.730329]}}, {"type": "Feature", "properties": {"cartodb_id": 448, "layer": "Subway", "path": "/Users/stephanepierre/Downloads/Subway|layername=Subway"}, "geometry": {"type": "Point", "coordinates": [-73.997702, 40.72433]}}, {"type": "Feature", "properties": {"cartodb_id": 449, "layer": "Subway", "path": "/Users/stephanepierre/Downloads/Subway|layername=Subway"}, "geometry": {"type": "Point", "coordinates": [-74.001775, 40.719527]}}, {"type": "Feature", "properties": {"cartodb_id": 450, "layer": "Subway", "path": "/Users/stephanepierre/Downloads/Subway|layername=Subway"}, "geometry": {"type": "Point", "coordinates": [-74.006978, 40.713282]}}, {"type": "Feature", "properties": {"cartodb_id": 451, "layer": "Subway", "path": "/Users/stephanepierre/Downloads/Subway|layername=Subway"}, "geometry": {"type": "Point", "coordinates": [-74.011029, 40.710668]}}, {"type": "Feature", "properties": {"cartodb_id": 452, "layer": "Subway", "path": "/Users/stephanepierre/Downloads/Subway|layername=Subway"}, "geometry": {"type": "Point", "coordinates": [-74.013342, 40.70722]}}, {"type": "Feature", "properties": {"cartodb_id": 453, "layer": "Subway", "path": "/Users/stephanepierre/Downloads/Subway|layername=Subway"}, "geometry": {"type": "Point", "coordinates": [-74.012994, 40.703087]}}, {"type": "Feature", "properties": {"cartodb_id": 454, "layer": "Subway", "path": "/Users/stephanepierre/Downloads/Subway|layername=Subway"}, "geometry": {"type": "Point", "coordinates": [-73.991777, 40.6941]}}, {"type": "Feature", "properties": {"cartodb_id": 455, "layer": "Subway", "path": "/Users/stephanepierre/Downloads/Subway|layername=Subway"}, "geometry": {"type": "Point", "coordinates": [-73.985942, 40.69218]}}, {"type": "Feature", "properties": {"cartodb_id": 456, "layer": "Subway", "path": "/Users/stephanepierre/Downloads/Subway|layername=Subway"}, "geometry": {"type": "Point", "coordinates": [-73.981824, 40.690635]}}, {"type": "Feature", "properties": {"cartodb_id": 457, "layer": "Subway", "path": "/Users/stephanepierre/Downloads/Subway|layername=Subway"}, "geometry": {"type": "Point", "coordinates": [-73.97881, 40.683666]}}, {"type": "Feature", "properties": {"cartodb_id": 459, "layer": "Subway", "path": "/Users/stephanepierre/Downloads/Subway|layername=Subway"}, "geometry": {"type": "Point", "coordinates": [-73.988302, 40.670847]}}, {"type": "Feature", "properties": {"cartodb_id": 460, "layer": "Subway", "path": "/Users/stephanepierre/Downloads/Subway|layername=Subway"}, "geometry": {"type": "Point", "coordinates": [-73.992872, 40.665414]}}, {"type": "Feature", "properties": {"cartodb_id": 461, "layer": "Subway", "path": "/Users/stephanepierre/Downloads/Subway|layername=Subway"}, "geometry": {"type": "Point", "coordinates": [-73.998091, 40.660397]}}, {"type": "Feature", "properties": {"cartodb_id": 462, "layer": "Subway", "path": "/Users/stephanepierre/Downloads/Subway|layername=Subway"}, "geometry": {"type": "Point", "coordinates": [-74.003549, 40.655144]}}, {"type": "Feature", "properties": {"cartodb_id": 464, "layer": "Subway", "path": "/Users/stephanepierre/Downloads/Subway|layername=Subway"}, "geometry": {"type": "Point", "coordinates": [-74.014034, 40.645069]}}, {"type": "Feature", "properties": {"cartodb_id": 465, "layer": "Subway", "path": "/Users/stephanepierre/Downloads/Subway|layername=Subway"}, "geometry": {"type": "Point", "coordinates": [-74.017881, 40.641362]}}, {"type": "Feature", "properties": {"cartodb_id": 466, "layer": "Subway", "path": "/Users/stephanepierre/Downloads/Subway|layername=Subway"}, "geometry": {"type": "Point", "coordinates": [-74.023377, 40.634967]}}, {"type": "Feature", "properties": {"cartodb_id": 467, "layer": "Subway", "path": "/Users/stephanepierre/Downloads/Subway|layername=Subway"}, "geometry": {"type": "Point", "coordinates": [-74.02551, 40.629742]}}, {"type": "Feature", "properties": {"cartodb_id": 468, "layer": "Subway", "path": "/Users/stephanepierre/Downloads/Subway|layername=Subway"}, "geometry": {"type": "Point", "coordinates": [-74.028398, 40.622687]}}, {"type": "Feature", "properties": {"cartodb_id": 469, "layer": "Subway", "path": "/Users/stephanepierre/Downloads/Subway|layername=Subway"}, "geometry": {"type": "Point", "coordinates": [-74.030876, 40.616622]}}, {"type": "Feature", "properties": {"cartodb_id": 470, "layer": "Subway", "path": "/Users/stephanepierre/Downloads/Subway|layername=Subway"}, "geometry": {"type": "Point", "coordinates": [-73.955827, 40.680596]}}, {"type": "Feature", "properties": {"cartodb_id": 471, "layer": "Subway", "path": "/Users/stephanepierre/Downloads/Subway|layername=Subway"}, "geometry": {"type": "Point", "coordinates": [-73.957624, 40.674772]}}, {"type": "Feature", "properties": {"cartodb_id": 472, "layer": "Subway", "path": "/Users/stephanepierre/Downloads/Subway|layername=Subway"}, "geometry": {"type": "Point", "coordinates": [-73.959245, 40.670343]}}, {"type": "Feature", "properties": {"cartodb_id": 473, "layer": "Subway", "path": "/Users/stephanepierre/Downloads/Subway|layername=Subway"}, "geometry": {"type": "Point", "coordinates": [-74.25196, 40.512764]}}, {"type": "Feature", "properties": {"cartodb_id": 474, "layer": "Subway", "path": "/Users/stephanepierre/Downloads/Subway|layername=Subway"}, "geometry": {"type": "Point", "coordinates": [-74.242095, 40.516578]}}, {"type": "Feature", "properties": {"cartodb_id": 475, "layer": "Subway", "path": "/Users/stephanepierre/Downloads/Subway|layername=Subway"}, "geometry": {"type": "Point", "coordinates": [-74.22914, 40.519631]}}, {"type": "Feature", "properties": {"cartodb_id": 476, "layer": "Subway", "path": "/Users/stephanepierre/Downloads/Subway|layername=Subway"}, "geometry": {"type": "Point", "coordinates": [-74.217846, 40.52241]}}, {"type": "Feature", "properties": {"cartodb_id": 477, "layer": "Subway", "path": "/Users/stephanepierre/Downloads/Subway|layername=Subway"}, "geometry": {"type": "Point", "coordinates": [-74.200063, 40.525507]}}, {"type": "Feature", "properties": {"cartodb_id": 478, "layer": "Subway", "path": "/Users/stephanepierre/Downloads/Subway|layername=Subway"}, "geometry": {"type": "Point", "coordinates": [-74.191793, 40.533674]}}, {"type": "Feature", "properties": {"cartodb_id": 480, "layer": "Subway", "path": "/Users/stephanepierre/Downloads/Subway|layername=Subway"}, "geometry": {"type": "Point", "coordinates": [-74.16457, 40.544601]}}, {"type": "Feature", "properties": {"cartodb_id": 481, "layer": "Subway", "path": "/Users/stephanepierre/Downloads/Subway|layername=Subway"}, "geometry": {"type": "Point", "coordinates": [-74.151399, 40.551231]}}, {"type": "Feature", "properties": {"cartodb_id": 482, "layer": "Subway", "path": "/Users/stephanepierre/Downloads/Subway|layername=Subway"}, "geometry": {"type": "Point", "coordinates": [-74.136907, 40.5564]}}, {"type": "Feature", "properties": {"cartodb_id": 483, "layer": "Subway", "path": "/Users/stephanepierre/Downloads/Subway|layername=Subway"}, "geometry": {"type": "Point", "coordinates": [-74.12632, 40.56511]}}, {"type": "Feature", "properties": {"cartodb_id": 484, "layer": "Subway", "path": "/Users/stephanepierre/Downloads/Subway|layername=Subway"}, "geometry": {"type": "Point", "coordinates": [-74.11721, 40.57348]}}, {"type": "Feature", "properties": {"cartodb_id": 485, "layer": "Subway", "path": "/Users/stephanepierre/Downloads/Subway|layername=Subway"}, "geometry": {"type": "Point", "coordinates": [-74.109704, 40.578965]}}, {"type": "Feature", "properties": {"cartodb_id": 486, "layer": "Subway", "path": "/Users/stephanepierre/Downloads/Subway|layername=Subway"}, "geometry": {"type": "Point", "coordinates": [-74.103338, 40.583591]}}, {"type": "Feature", "properties": {"cartodb_id": 487, "layer": "Subway", "path": "/Users/stephanepierre/Downloads/Subway|layername=Subway"}, "geometry": {"type": "Point", "coordinates": [-74.09609, 40.588849]}}, {"type": "Feature", "properties": {"cartodb_id": 488, "layer": "Subway", "path": "/Users/stephanepierre/Downloads/Subway|layername=Subway"}, "geometry": {"type": "Point", "coordinates": [-74.087368, 40.596612]}}, {"type": "Feature", "properties": {"cartodb_id": 489, "layer": "Subway", "path": "/Users/stephanepierre/Downloads/Subway|layername=Subway"}, "geometry": {"type": "Point", "coordinates": [-74.084087, 40.603117]}}, {"type": "Feature", "properties": {"cartodb_id": 490, "layer": "Subway", "path": "/Users/stephanepierre/Downloads/Subway|layername=Subway"}, "geometry": {"type": "Point", "coordinates": [-74.071402, 40.621319]}}, {"type": "Feature", "properties": {"cartodb_id": 491, "layer": "Subway", "path": "/Users/stephanepierre/Downloads/Subway|layername=Subway"}, "geometry": {"type": "Point", "coordinates": [-74.075162, 40.627915]}}, {"type": "Feature", "properties": {"cartodb_id": 492, "layer": "Subway", "path": "/Users/stephanepierre/Downloads/Subway|layername=Subway"}, "geometry": {"type": "Point", "coordinates": [-74.074835, 40.636949]}}, {"type": "Feature", "properties": {"cartodb_id": 493, "layer": "Subway", "path": "/Users/stephanepierre/Downloads/Subway|layername=Subway"}, "geometry": {"type": "Point", "coordinates": [-74.073643, 40.643748]}}, {"type": "Feature", "properties": {"cartodb_id": 1, "layer": "Subway", "path": "/Users/stephanepierre/Downloads/Subway|layername=Subway"}, "geometry": {"type": "Point", "coordinates": [-74.032293, 40.716789]}}, {"type": "Feature", "properties": {"cartodb_id": 2, "layer": "Subway", "path": "/Users/stephanepierre/Downloads/Subway|layername=Subway"}, "geometry": {"type": "Point", "coordinates": [-74.04265, 40.719447]}}, {"type": "Feature", "properties": {"cartodb_id": 3, "layer": "Subway", "path": "/Users/stephanepierre/Downloads/Subway|layername=Subway"}, "geometry": {"type": "Point", "coordinates": [-74.034687, 40.726975]}}, {"type": "Feature", "properties": {"cartodb_id": 4, "layer": "Subway", "path": "/Users/stephanepierre/Downloads/Subway|layername=Subway"}, "geometry": {"type": "Point", "coordinates": [-74.029644, 40.735068]}}, {"type": "Feature", "properties": {"cartodb_id": 5, "layer": "Subway", "path": "/Users/stephanepierre/Downloads/Subway|layername=Subway"}, "geometry": {"type": "Point", "coordinates": [-74.062808, 40.731888]}}, {"type": "Feature", "properties": {"cartodb_id": 6, "layer": "Subway", "path": "/Users/stephanepierre/Downloads/Subway|layername=Subway"}, "geometry": {"type": "Point", "coordinates": [-74.010662, 40.711089]}}, {"type": "Feature", "properties": {"cartodb_id": 7, "layer": "Subway", "path": "/Users/stephanepierre/Downloads/Subway|layername=Subway"}, "geometry": {"type": "Point", "coordinates": [-74.006214, 40.7331]}}, {"type": "Feature", "properties": {"cartodb_id": 8, "layer": "Subway", "path": "/Users/stephanepierre/Downloads/Subway|layername=Subway"}, "geometry": {"type": "Point", "coordinates": [-73.987992, 40.749551]}}, {"type": "Feature", "properties": {"cartodb_id": 9, "layer": "Subway", "path": "/Users/stephanepierre/Downloads/Subway|layername=Subway"}, "geometry": {"type": "Point", "coordinates": [-73.992883, 40.742855]}}, {"type": "Feature", "properties": {"cartodb_id": 10, "layer": "Subway", "path": "/Users/stephanepierre/Downloads/Subway|layername=Subway"}, "geometry": {"type": "Point", "coordinates": [-73.996897, 40.737328]}}, {"type": "Feature", "properties": {"cartodb_id": 11, "layer": "Subway", "path": "/Users/stephanepierre/Downloads/Subway|layername=Subway"}, "geometry": {"type": "Point", "coordinates": [-73.999437, 40.73442]}}, {"type": "Feature", "properties": {"cartodb_id": 12, "layer": "Subway", "path": "/Users/stephanepierre/Downloads/Subway|layername=Subway"}, "geometry": {"type": "Point", "coordinates": [-74.164816, 40.73403]}}, {"type": "Feature", "properties": {"cartodb_id": 13, "layer": "Subway", "path": "/Users/stephanepierre/Downloads/Subway|layername=Subway"}, "geometry": {"type": "Point", "coordinates": [-74.155659, 40.739451]}}]}